Rxn,Method,Equation,Geweke Fails,Rhat,ESS-Bulk,ESS-Tail,Rhat Fails,ESS-Bulk Fails
CO2t,Consensus,C0.1,4,1.0540967781225374,883.8647907559263,1047.1111089014835,True,False
Ex_co2,Consensus,C0.1,4,1.0540967781225374,883.8647907559263,1039.011912097836,True,False
NADPPPS,Consensus,0.0,4,1.014070023780921,622.2424141747988,1007.9767678541187,True,False
ACONTm,Consensus,0.0,4,1.0124347734562695,666.8956525528391,685.6431761048008,True,False
NADK,Consensus,0.0,4,1.0140354129538576,623.0464863265404,1004.4852069795571,True,False
NNDPR,Consensus,0.0,2,1.0107779988226073,780.5953488143141,1273.9274921506349,True,False
FACOAL140p,Consensus,0.9,0,1.0130516663430595,3092.3608466534542,4288.060098153672,True,False
CYSTtp,Consensus,1.9,2,1.0113643297730976,1956.4022470716511,1065.2299929512071,True,False
HCYSt2p,Consensus,1.9,2,1.0113643297730976,1956.4022470716525,1065.2299929512076,True,False
PYRt2p,Consensus,1.9,2,1.0113643297730976,1956.4022470716525,1065.2299929512076,True,False
CYSTLp,Consensus,1.9,2,1.0113643297730976,1956.4022470716511,1065.2299929512071,True,False
HACDp20,Consensus,1.9,0,1.0332712870048135,151.10831547126773,762.8871418526884,True,True
HACDp22,Consensus,1.9,0,1.0341360260008698,138.3420897193052,774.689746812042,True,True
KATp20,Consensus,1.9,0,1.0332712870048135,151.10831547126773,762.8871418526884,True,True
KATp22,Consensus,1.9,0,1.0341360260008698,138.3420897193052,774.689746812042,True,True
ACOAO20p,Consensus,1.9,0,1.0332712870048135,151.10831547126773,762.8871418526884,True,True
ACOAO22p,Consensus,1.9,0,1.0341360260008698,138.3420897193052,774.689746812042,True,True
ECOAH9p,Consensus,1.9,0,1.0332712870048135,151.10831547126773,762.8871418526884,True,True
ECOAH10p,Consensus,1.9,0,1.0341360260008698,138.3420897193052,774.689746812042,True,True
NH4tp,Consensus,1.9,2,1.0113643297730976,1956.4022470716525,1065.2299929512076,True,False
CO2t,Consensus,1.9,4,1.0730934154282181,66.95158942298954,481.22599130439687,True,True
Ex_co2,Consensus,1.9,4,1.0730934154282181,66.9515894229893,483.3395218702409,True,True
FAE1_20,Consensus,1.9,0,1.0339132555639792,147.3096981243323,772.2081223070944,True,True
FAE1_22,Consensus,1.9,0,1.034606165597582,137.60944345545627,772.0253776976552,True,True
FAE2_20,Consensus,1.9,0,1.0339132555639792,147.3096981243323,772.2081223070944,True,True
FAE2_22,Consensus,1.9,0,1.034606165597582,137.60944345545627,772.0253776976552,True,True
FAE3_20,Consensus,1.9,0,1.0339132555639792,147.3096981243323,772.2081223070944,True,True
FAE3_22,Consensus,1.9,0,1.034606165597582,137.60944345545627,772.0253776976552,True,True
FAE4_20,Consensus,1.9,0,1.0339132555639792,147.3096981243323,772.2081223070944,True,True
FAE4_22,Consensus,1.9,0,1.034606165597582,137.60944345545627,772.0253776976552,True,True
FA220COAabcp,Consensus,1.9,4,1.0864562952620493,41.03484726738198,659.0129862570191,True,True
FA180tpc,Consensus,1.9,2,1.0165721588276004,1239.7457775944504,1040.4315850202768,True,False
GLCt1,Consensus,5.9,0,1.4285821345567746,9.000085755614935,60.95558886196115,True,True
HEX1,Consensus,5.9,0,1.4285821345567746,9.000085755614935,60.95558886196115,True,True
Ex_glc_D,Consensus,5.9,0,1.4285821345567746,9.000085755614935,97.18849517103007,True,True
PYDXK,Consensus,7.9,3,1.025454103913426,887.0511310083,1332.6145061988666,True,False
PDXPHT,Consensus,7.9,3,1.0173337233762398,1037.2454395185887,1672.0514474734325,True,False
E4PDH,Consensus,7.9,3,1.0127943669528505,855.8777480317992,1683.6378179356734,True,False
PDX5PSYN,Consensus,7.9,3,1.0127943669528505,855.8777480317992,1683.6378179356734,True,False
GLCt1,Consensus,7.9,4,1.076334866842961,49.43982900421721,512.3301003375018,True,True
OHPBAT,Consensus,7.9,3,1.0127943669528505,855.8777480317992,1683.6378179356734,True,False
PDX5PO,Consensus,7.9,1,1.0123006248302595,898.9332326224607,1659.384285174227,True,False
ACPpds,Consensus,7.9,1,1.0154106411855393,921.7299364893316,1436.360261443716,True,False
ACPS1,Consensus,7.9,1,1.0154106411855393,921.7299364893316,1436.360261443716,True,False
HEX1,Consensus,7.9,4,1.076334866842961,49.43982900421721,512.3301003375018,True,True
Ex_glc_D,Consensus,7.9,4,1.076334866842961,49.43982900421717,517.6634413695963,True,True
E4PDH,Consensus,9.9,0,1.011105493766604,783.8403103750297,1284.3119614626205,True,False
PDX5PSYN,Consensus,9.9,0,1.011105493766604,783.8403103750297,1284.3119614626205,True,False
GLCt1,Consensus,9.9,4,1.164302946039892,20.759550409865824,612.3760150562422,True,True
OHPBAT,Consensus,9.9,0,1.011105493766604,783.8403103750297,1284.3119614626205,True,False
PDX5PO,Consensus,9.9,0,1.011105493766604,783.8403103750297,1284.3119614626205,True,False
RNTR3,Consensus,9.9,4,1.0126773623876364,644.3516778693729,874.4640160807883,True,False
CTPS1,Consensus,9.9,1,1.0180568719811995,1003.0821231719142,756.3407228404724,True,False
CYTK2,Consensus,9.9,4,1.0227013407032393,692.875769596131,784.1802291315591,True,False
DCMPDA,Consensus,9.9,3,1.0158462826727401,888.2561088813296,782.2098293957088,True,False
HEX1,Consensus,9.9,4,1.164302946039892,20.759550409865824,612.3760150562422,True,True
NDPK7,Consensus,9.9,4,1.0125885487612905,709.1829067044229,777.7196778624361,True,False
RNDR3,Consensus,9.9,3,1.025447381893038,629.6159304340779,826.8703476043344,True,False
RNDR4,Consensus,9.9,3,1.015292812306127,919.1917705194373,894.4969578429459,True,False
Ex_glc_D,Consensus,9.9,4,1.164302946039892,20.75955040986584,623.0942179392737,True,True
rvHHVAA,Consensus,9.9,3,1.0113186974986987,801.2487050691709,882.9001057701424,True,False
Ex_vHHV,Consensus,9.9,3,1.0113186974986987,801.2487050691709,882.9001057701424,True,False
FACOAL260,Consensus,13.9,1,1.0114542283928238,948.3137039055081,1480.1601632545555,True,False
GLCt1,Consensus,13.9,3,1.1326341626421101,22.79716255773135,810.4800057790596,True,True
HEX1,Consensus,13.9,3,1.1326341626421101,22.79716255773135,810.4800057790596,True,True
Ex_glc_D,Consensus,13.9,3,1.1326341626421101,22.797162557731358,788.8937122027812,True,True
SK_glycogen_c,Consensus,13.9,4,1.280419525469264,11.282345533092421,92.76254062959607,True,True
GLCt1,Consensus,16.9,4,1.2833773406515292,11.758433915693733,283.6734987044367,True,True
FACOAL160,Consensus,16.9,4,1.016281052795857,241.0406299405927,5000,True,True
HEX1,Consensus,16.9,0,1.2143978753706113,14.237266766992853,226.92908244030585,True,True
Ex_glc_D,Consensus,16.9,4,1.2833773406515292,11.758433915693736,221.9114540646739,True,True
SK_glycogen_c,Consensus,16.9,4,1.053964156767636,98.8907092003015,898.9174020913905,True,True
PHEPYRAT,Consensus,19.9,0,1.0114554625352583,2493.2727127471503,4146.569717052419,True,False
ADK3,Consensus,19.9,0,1.0101877093116716,2087.162988553617,4012.4153741875516,True,False
GLCt1,Consensus,19.9,2,1.061064335012809,1304.6267326343252,2054.1252803742345,True,False
HISTD,Consensus,19.9,0,1.0101420676456747,2771.4244661867847,3323.665604932197,True,False
HISTD1,Consensus,19.9,0,1.0101420676456747,2771.4244661867847,3323.665604932197,True,False
4HBZtm,Consensus,19.9,0,1.0123044115706157,2505.257509025165,2386.629004068662,True,False
ADSL1r,Consensus,19.9,0,1.0106296114832827,2349.793695618963,3504.9885879903977,True,False
ADSS,Consensus,19.9,0,1.0106296114832827,2349.793695618963,3504.9885879903977,True,False
ATPPRT,Consensus,19.9,0,1.0101420676456747,2771.4244661867847,3323.665604932197,True,False
CHRPL,Consensus,19.9,0,1.0123044115706157,2505.257509025165,2386.629004068662,True,False
HEX1,Consensus,19.9,2,1.0611172329880005,1307.28959139317,2063.0026434888377,True,False
HISTP,Consensus,19.9,0,1.0101420676456747,2771.4244661867847,3323.665604932197,True,False
HSTPT,Consensus,19.9,0,1.0101420676456747,2771.4244661867847,3323.665604932197,True,False
IG3PS,Consensus,19.9,0,1.0101420676456747,2771.4244661867847,3323.665604932197,True,False
IGPDH,Consensus,19.9,0,1.0101420676456747,2771.4244661867847,3323.665604932197,True,False
MTHFD,Consensus,19.9,0,1.0177619444649342,398.57202915557474,955.9701763103776,True,True
PRAMPC,Consensus,19.9,0,1.0101420676456747,2771.4244661867847,3323.665604932197,True,False
PRATPP,Consensus,19.9,0,1.0101420676456747,2771.4244661867847,3323.665604932197,True,False
PRMICIi,Consensus,19.9,0,1.0101420676456747,2771.4244661867847,3323.665604932197,True,False
PRPPS,Consensus,19.9,0,1.0103223324506796,2773.1991965609955,2985.7113325779806,True,False
Ex_glc_D,Consensus,19.9,2,1.0610643350128088,1304.6267326343245,2061.3810829267723,True,False
SK_glycogen_c,Consensus,19.9,1,1.4036343339934327,10.087762061875509,90.09141847706772,True,True
PAN4Ptm,Consensus,23.9,4,1.0116282218610346,1353.6020497894046,1247.9987223777846,True,False
PAPtm,Consensus,23.9,4,1.0116282218610346,1353.6020497894046,1247.9987223777846,True,False
COAHLm,Consensus,23.9,4,1.0116282218610346,1353.6020497894046,2953.0624273022645,True,False
DPRm,Consensus,23.9,0,1.0159357211854638,1803.8173663025113,2051.3679210851174,True,False
GLCt1,Consensus,23.9,2,1.2794903557648685,11.477532450185995,1366.2237437645547,True,True
PANTtm,Consensus,23.9,0,1.0159357211854638,1803.817366302501,3452.3521163952546,True,False
2DHPtm,Consensus,23.9,0,1.0159357211854638,1803.8173663025113,2051.3679210851174,True,False
DPR,Consensus,23.9,0,1.019031139486315,1272.3399101323453,2051.367921085118,True,False
HEX1,Consensus,23.9,2,1.2794903557648685,11.477532450185995,1366.2237437645547,True,True
Ex_glc_D,Consensus,23.9,2,1.2794903557648685,11.477532450185992,1463.59867546856,True,True
SK_glycogen_c,Consensus,23.9,1,1.4091205677513619,9.023634998183566,66.5164001235767,True,True
DESAT18_2,Consensus,27.9,0,1.012469965791062,3715.623795262491,4291.060225525479,True,False
MGSA,Consensus,27.9,0,1.0101587849685159,3349.295203089233,933.1216282006403,True,False
DESAT16,Consensus,27.9,0,1.0107513500716505,2525.0955866246945,3495.1233232845807,True,False
FA161COAabcp,Consensus,27.9,0,1.0133538318439503,2697.364488006418,2134.3031179038135,True,False
FAO161p_odd,Consensus,27.9,0,1.0128092621808324,2334.0310729582784,2641.99478235355,True,False
GLCt1,Consensus,27.9,2,1.207433520666225,26.020428109454443,2171.5481114060267,True,True
GLUt7m,Consensus,27.9,0,1.0107432395426723,3258.4286487370387,3668.457615114545,True,False
TRDOXtp,Consensus,27.9,0,1.0147264029919512,650.5978572778635,1263.7071119899167,True,False
TRDRDtp,Consensus,27.9,0,1.0147264029919512,650.5978572778635,4749.171915810259,True,False
THIORDXp,Consensus,27.9,0,1.0147264029919512,650.5978572778635,4749.171915810259,True,False
PUTA3,Consensus,27.9,0,1.0120373290996036,2802.7413306405697,3905.8660755650776,True,False
G5SADsm,Consensus,27.9,0,1.0120373290996036,2802.7413306405665,3237.1999701171635,True,False
LGTHL,Consensus,27.9,0,1.0101587849685159,3349.295203089233,933.1216282006403,True,False
3MOPtm,Consensus,27.9,0,1.0128512439612465,3538.3598482610273,3189.4657669643225,True,False
DHFRi,Consensus,27.9,1,1.01225014097693,2194.1270243695153,2380.4303356174605,True,False
DPR,Consensus,27.9,0,1.0114951927828693,1863.9769819611297,2142.1613624610436,True,False
GLYOX,Consensus,27.9,0,1.0101587849685159,3349.295203089233,933.1216282006403,True,False
HEX1,Consensus,27.9,0,1.174873827004904,28.222154402497473,2432.6213380484883,True,True
ILETA,Consensus,27.9,0,1.0128512439612465,3538.3598482610273,3189.4657669643225,True,False
TRDR,Consensus,27.9,0,1.0127021181744507,2460.1786712353232,2516.4305477133244,True,False
D_LACDcm,Consensus,27.9,0,1.0101587849685159,3349.295203089233,933.1216282006403,True,False
Ex_glc_D,Consensus,27.9,2,1.207433520666225,26.02042810945445,2175.732783407656,True,True
FACOAL140p,Derived,C0.1,0,1.013068588182182,597.6476449759652,1698.4164838632603,True,False
NADDP,Derived,C0.1,1,1.0108552813925362,483.0455384431898,745.7664238889355,True,False
CO2t,Derived,C0.1,4,1.0160987823434442,443.34854085322365,717.031113572139,True,False
NMNAT,Derived,C0.1,2,1.0100081122157607,545.478909206954,730.2340520952459,True,False
Ex_co2,Derived,C0.1,4,1.0160987823434442,443.3485408532237,717.031113572139,True,False
5AOPt2,Derived,C0.1,4,1.0172770665695807,398.372183900868,558.7117240466562,True,True
4ABUTNtm,Derived,0.0,4,1.1112645519806432,29.290709611480526,457.75688145797164,True,True
4ABUTtm,Derived,0.0,4,1.111264551980643,29.29070961148055,25.705745847276095,True,True
AABTN,Derived,0.0,4,1.0297695777836036,474.6695699725042,1107.5470404596492,True,False
APRTO2,Derived,0.0,4,1.0297695777836036,474.6695699725042,1107.5470404596492,True,False
DIAT,Derived,0.0,4,1.033439495567279,600.9460163480588,1048.004260630196,True,False
NABTNO,Derived,0.0,4,1.0297695777836036,474.6695699725042,1107.5470404596492,True,False
PYDAMK,Derived,0.0,2,1.0245950564620416,608.779605628086,1375.9825278733904,True,False
SPMDAT1,Derived,0.0,1,1.0165450797533553,976.3411257485964,1245.23611415289,True,False
PDXPHT,Derived,0.0,2,1.024918699332309,543.211033754881,1391.7483986900236,True,False
34HPLFM,Derived,0.0,4,1.021104977252374,522.6135602745734,873.8067447865083,True,False
34HPPt2m,Derived,0.0,4,1.021104977252374,522.6135602745734,873.8067447865083,True,False
4HBZCOAFm,Derived,0.0,4,1.021104977252374,522.6135602745734,873.8067447865083,True,False
4HBZFm,Derived,0.0,4,1.021104977252374,522.6135602745734,873.8067447865083,True,False
COUCOAFm,Derived,0.0,4,1.021104977252374,522.6135602745734,873.8067447865083,True,False
DXHPScm,Derived,0.0,4,1.0724540649502907,56.726522904697866,517.7612870133181,True,True
GK2,Derived,0.0,4,1.0140516570086755,663.8125372282843,586.057135766757,True,False
MTAP,Derived,0.0,4,1.1076076847698233,36.162799289753885,611.832204181797,True,True
POLYAO,Derived,0.0,4,1.0297695777836036,474.6695699725042,1107.5470404596492,True,False
POLYAO2,Derived,0.0,4,1.033439495567279,600.9460163480588,1048.004260630196,True,False
PYAM5PO,Derived,0.0,2,1.0256127649756748,559.8880814755389,1303.572126471707,True,False
PYDXO,Derived,0.0,2,1.0256127649756748,559.8880814755389,1303.572126471707,True,False
RNTR1,Derived,0.0,4,1.0140516570086755,663.8125372282843,586.057135766757,True,False
T4HCINNMFM,Derived,0.0,4,1.021104977252374,522.6135602745734,873.8067447865083,True,False
THIORDXi,Derived,0.0,0,1.0122881390313196,1005.9624013665889,1579.8291109896734,True,False
FADDP,Derived,0.0,4,1.0152816397415028,753.2223183911287,1255.889917402455,True,False
SPMDOX,Derived,0.0,4,1.0122218214132337,1110.0844851329782,1551.292380056307,True,False
13DAMPPO,Derived,0.0,4,1.1112645519806432,29.290709611480526,457.75688145797164,True,True
DKMPPDb,Derived,0.0,4,1.1092711990667892,34.76605425181273,613.3509472443552,True,True
DKMPPDa,Derived,0.0,4,1.1092711990667892,34.76605425181273,613.3509472443552,True,True
4HBZtm,Derived,0.0,4,1.0115898924887852,721.0157016206641,885.0681961407416,True,False
ABTA,Derived,0.0,3,1.043713062623382,169.91714518387934,768.9769281174343,True,True
ABUTDm,Derived,0.0,4,1.1112645519806432,29.290709611480526,457.75688145797164,True,True
ADK1m,Derived,0.0,0,1.0109594793504402,1055.851562883201,1480.5711599335473,True,False
ADMDC,Derived,0.0,4,1.1092711990667892,34.76605425181273,613.3509472443552,True,True
CHRPL,Derived,0.0,4,1.0115898924887852,721.0157016206641,885.0681961407416,True,False
FMNAT,Derived,0.0,4,1.0151873717348248,756.3787375906803,1212.0975340572825,True,False
GK1,Derived,0.0,4,1.0122950398298205,763.1060879182223,586.0571357667569,True,False
GLUDC,Derived,0.0,2,1.018617951948795,428.47368118117237,1284.5859045174063,True,False
MDRPD,Derived,0.0,4,1.1092711990667892,34.76605425181273,613.3509472443552,True,True
MTRI,Derived,0.0,4,1.1092711990667892,34.76605425181273,613.3509472443552,True,True
ORNDC,Derived,0.0,4,1.121337869181365,29.57373089593536,526.9397930250472,True,True
PPM,Derived,0.0,4,1.0271319351857833,474.5767721672147,948.2538674154089,True,False
PUNP1,Derived,0.0,4,1.0373945272747347,610.3877220181786,790.5434116017109,True,False
SPMS,Derived,0.0,4,1.121337869181365,29.57373089593536,526.9397930250472,True,True
SPRMS,Derived,0.0,4,1.028570871375724,582.1804179644297,968.6621660285114,True,False
SSALy,Derived,0.0,3,1.043713062623382,169.91714518387934,768.9769281174343,True,True
UNK3,Derived,0.0,4,1.1092711990667892,34.76605425181273,613.3509472443552,True,True
ALDD22x,Derived,0.0,4,1.1092711990667892,34.76605425181273,613.3509472443552,True,True
POLYAO3,Derived,0.0,1,1.0200796203804412,1107.294467003434,750.7429718795648,True,False
rvHHVAA,Derived,0.0,4,1.0117918220836768,469.3487108921951,679.3879665382674,True,False
Ex_vHHV,Derived,0.0,4,1.0117918220836768,469.3487108921951,679.3879665382674,True,False
THMPe,Derived,0.0,4,1.0115336599278677,792.0266958287091,1028.997014566095,True,False
Coq1,Derived,1.9,4,1.0106908893928501,879.921025998565,1039.6490124036932,True,False
HEXDPtm,Derived,1.9,4,1.0106908893928501,879.921025998565,1039.6490124036932,True,False
GLCt1,Derived,5.9,3,1.5022680994680933,8.269004666491279,90.75618818205626,True,True
HEX1,Derived,5.9,3,1.5022680994680933,8.269004666491279,90.75618818205626,True,True
Ex_glc_D,Derived,5.9,3,1.5022680994680935,8.269004666491275,118.11148617962927,True,True
GLCt1,Derived,7.9,4,1.1522764651990816,19.662922270564096,1856.0237992801574,True,True
HEX1,Derived,7.9,4,1.1522764651990816,19.662922270564096,1856.0237992801574,True,True
Ex_glc_D,Derived,7.9,4,1.1522764651990816,19.662922270564096,1848.3007381778268,True,True
NADH2_u6mh,Derived,9.9,0,1.0114709476796422,3628.8697079800045,2092.254848461505,True,False
PHEPYRAT,Derived,9.9,0,1.0149196587127711,1021.7877436579276,1477.2633728677408,True,False
GLCCERS16d8,Derived,9.9,0,1.0105203835411012,3294.4956223522217,532.6413086550044,True,False
GLCCERS16m9,Derived,9.9,0,1.0105203835411012,3294.4956223522217,532.6413086550044,True,False
GLCCERS18,Derived,9.9,0,1.0105203835411012,3294.4956223522217,532.6413086550044,True,False
GLCCERS18d4,Derived,9.9,0,1.0105203835411012,3294.4956223522217,532.6413086550044,True,False
GLCCERS18d8,Derived,9.9,0,1.0105203835411012,3294.4956223522217,532.6413086550044,True,False
GLCCERS18m9,Derived,9.9,0,1.0105203835411012,3294.4956223522217,532.6413086550044,True,False
CER4DS2d16,Derived,9.9,0,1.0105203835411012,3294.4956223522217,532.6413086550044,True,False
CER4DS2d18,Derived,9.9,0,1.0105203835411012,3294.4956223522217,532.6413086550044,True,False
PYDXS,Derived,9.9,1,1.010331250636905,1655.49567197408,1451.5682972904617,True,False
CER8DS16,Derived,9.9,0,1.0105203835411012,3294.4956223522217,532.6413086550044,True,False
CER8DS18,Derived,9.9,0,1.0105203835411012,3294.4956223522217,532.6413086550044,True,False
CER8DS2d16,Derived,9.9,0,1.0105203835411012,3294.4956223522217,532.6413086550044,True,False
CER8DS2d18,Derived,9.9,0,1.0105203835411012,3294.4956223522217,532.6413086550044,True,False
CER9MET16,Derived,9.9,0,1.0105203835411012,3294.4956223522217,532.6413086550044,True,False
CER9MET18,Derived,9.9,0,1.0105203835411012,3294.4956223522217,532.6413086550044,True,False
CERavg,Derived,9.9,0,1.0105203835411012,3294.4956223522217,532.6413086550044,True,False
CERS2d16,Derived,9.9,0,1.0105203835411012,3294.4956223522217,532.6413086550044,True,False
CERS2d18,Derived,9.9,0,1.0105203835411012,3294.4956223522217,532.6413086550044,True,False
CERS424,Derived,9.9,0,1.010529793240295,3282.24053737347,532.6413086550044,True,False
CERS426,Derived,9.9,0,1.0105182743046037,3297.573487842191,532.6413086550044,True,False
GLCCERavg,Derived,9.9,0,1.0105203835411012,3294.4956223522217,532.6413086550044,True,False
IPCavg,Derived,9.9,0,1.0105203835411012,3294.4956223522217,532.6413086550044,True,False
IPCS118_PP,Derived,9.9,0,1.0107807119214909,3241.0498462937917,542.2781699836112,True,False
MIP2Cavg,Derived,9.9,0,1.0105203835411012,3294.4956223522217,532.6413086550044,True,False
MIPCavg,Derived,9.9,0,1.0105203835411012,3294.4956223522217,532.6413086550044,True,False
NADHter,Derived,9.9,0,1.0105203835411012,3294.4956223522217,532.6413086550044,True,False
NADter,Derived,9.9,0,1.0105203835411012,3294.49562235222,532.6413086550042,True,False
NADPHter,Derived,9.9,0,1.0105203835411012,3294.4956223522217,532.6413086550044,True,False
NADPter,Derived,9.9,0,1.0105203835411012,3294.49562235222,532.6413086550042,True,False
3C4MOPtm,Derived,9.9,0,1.0169103513241924,817.7465856338928,353.9060745573778,True,False
AASAD2,Derived,9.9,0,1.0138658473222693,1791.3456870414518,546.878557704384,True,False
AHMMPS,Derived,9.9,1,1.0105608275212987,2744.027391458438,922.6699517985312,True,False
MANNANter,Derived,9.9,0,1.010648478136953,3297.560533066125,531.1810803398661,True,False
SHSL1,Derived,9.9,0,1.0178122481611238,567.75724049294,466.2632934631359,True,False
SHSL4r,Derived,9.9,0,1.0178122481611238,567.7572404929379,466.2632934631359,True,False
TMN,Derived,9.9,1,1.0187580417608872,1147.7766394247867,2103.066500215636,True,False
CERS324,Derived,9.9,0,1.0105203835411012,3294.4956223522217,532.6413086550044,True,False
CERS326,Derived,9.9,0,1.0105182743046037,3297.573487842191,532.6413086550044,True,False
CYOR_u6m,Derived,9.9,0,1.0125194243529176,3466.8637651839317,934.9240736798369,True,False
PYMDSYN,Derived,9.9,1,1.010646780784978,2744.9874501459826,922.6699517985312,True,False
2OXOADPtim,Derived,9.9,0,1.0136496170679987,2012.8743071727301,546.878557704384,True,False
4ABZtm,Derived,9.9,0,1.010483730784433,3293.0042446124967,532.6413086550044,True,False
ACACT1m,Derived,9.9,0,1.01050824854807,3299.700962088465,532.6413086550044,True,False
DHNPTtm,Derived,9.9,0,1.010483730784433,3293.0042446124967,532.6413086550044,True,False
DHPSm,Derived,9.9,0,1.010483730784433,3293.0042446124967,532.6413086550044,True,False
DHPTtm,Derived,9.9,0,1.010483730784433,3293.0042446124967,532.6413086550042,True,False
dolpmmer,Derived,9.9,0,1.010648478136953,3297.560533066125,531.1810803398661,True,False
ERGSTter,Derived,9.9,0,1.0105203835411012,3294.4956223522217,532.6413086550044,True,False
ERGTETROLter,Derived,9.9,0,1.0105203835411012,3294.4956223522217,532.6413086550044,True,False
GCALDtm,Derived,9.9,0,1.0104850556386569,3293.0568784194397,532.6413086550042,True,False
GK2,Derived,9.9,1,1.0214375317476778,1028.1799115346337,124.08077275699391,True,False
GLCt1,Derived,9.9,4,1.2488045866362971,15.622541892813054,199.40616016216072,True,True
HICITDm,Derived,9.9,0,1.0136496170679987,2012.8743071727301,546.878557704384,True,False
HMGCOASm,Derived,9.9,0,1.01050824854807,3299.700962088446,532.6413086550042,True,False
IPPSm,Derived,9.9,0,1.0169086085256693,808.9638100131206,353.9060745573778,True,False
NADH2_u6cm,Derived,9.9,0,1.0119643003776453,2973.198876823432,1921.3431740423537,True,False
O2ter,Derived,9.9,0,1.0105203835411012,3294.4956223522217,532.6413086550044,True,False
OMCDCm,Derived,9.9,0,1.0169103513241924,817.7465856338928,353.9060745573778,True,False
OXAGm,Derived,9.9,0,1.0136496170679987,2012.8743071727301,546.878557704384,True,False
RNTR1,Derived,9.9,1,1.0207534569961896,1154.4967421316344,479.72776886974884,True,False
SLFAT,Derived,9.9,0,1.0177441475628055,606.8665907106073,479.0780064235316,True,False
SQ23EPXter,Derived,9.9,0,1.0105203835411012,3294.4956223522217,532.6413086550044,True,False
SQLter,Derived,9.9,0,1.0105203835411012,3294.4956223522217,532.6413086550044,True,False
C3STDH2,Derived,9.9,0,1.0105203835411012,3294.4956223522217,532.6413086550044,True,False
C3STKR2,Derived,9.9,0,1.0105203835411012,3294.4956223522217,532.6413086550044,True,False
C4STMO2,Derived,9.9,0,1.0105203835411012,3294.4956223522217,532.6413086550044,True,False
DHORD4i,Derived,9.9,0,1.0106120728566106,3259.465454732771,486.47297415993467,True,False
C22STDSx,Derived,9.9,0,1.0105203835411012,3294.4956223522217,532.6413086550044,True,False
LNS14DMx,Derived,9.9,0,1.0105203835411012,3294.4956223522217,532.6413086550044,True,False
TRDOXtp,Derived,9.9,0,1.014425209595342,1663.1079806889309,987.18015188913,True,False
TRDRDtp,Derived,9.9,0,1.014425209595342,1663.1079806889309,987.1801518891325,True,False
THIORDXp,Derived,9.9,0,1.014425209595342,1663.1079806889309,987.1801518891325,True,False
APAT2r,Derived,9.9,0,1.011443983917062,2702.2362815888537,519.6384760850651,True,False
ASP1DC,Derived,9.9,0,1.0114644412111011,2697.5101982781925,519.6384760850651,True,False
FRDO,Derived,9.9,0,1.0177441475628055,606.8665907106069,479.0780064235316,True,False
MAN1PT2,Derived,9.9,0,1.0105203835411012,3294.4956223522217,532.6413086550044,True,False
MI3PP,Derived,9.9,0,1.010529793240295,3282.24053737347,532.6413086550044,True,False
MMSAD3,Derived,9.9,0,1.011443983917062,2702.2362815888537,519.6384760850651,True,False
P5CRm,Derived,9.9,0,1.0161202365278625,976.8419061385315,424.8117284353314,True,False
GTP89H,Derived,9.9,0,1.010483730784433,3293.0042446124967,532.6413086550044,True,False
SO3FDXRD,Derived,9.9,0,1.0177441475628055,606.8665907106073,479.0780064235316,True,False
CYSTH2SS,Derived,9.9,0,1.0172436828284668,812.6638572810373,479.0780064235316,True,False
E3MMALOR,Derived,9.9,0,1.0163454593015602,1158.6196150817475,353.9060745573778,True,False
HISTD,Derived,9.9,0,1.0162288743711394,978.6433874506564,439.00784579699473,True,False
HISTD1,Derived,9.9,0,1.0162288743711394,978.6433874506564,439.00784579699473,True,False
CITCONH,Derived,9.9,0,1.0163454593015602,1158.6196150817475,353.9060745573778,True,False
E3MMALH,Derived,9.9,0,1.0163454593015602,1158.6196150817475,353.9060745573778,True,False
OXPTPH,Derived,9.9,0,1.010483730784433,3293.0042446124967,532.6413086550044,True,False
ALACPYRL,Derived,9.9,0,1.0159562609142843,1027.71612392591,423.5071431185076,True,False
FAPTPAH,Derived,9.9,0,1.010483730784433,3293.0042446124967,532.6413086550044,True,False
25DAPTPM,Derived,9.9,0,1.010483730784433,3293.0042446124967,532.6413086550044,True,False
3H3M2OPR,Derived,9.9,0,1.0159562609142843,1027.71612392591,423.5071431185076,True,False
3H3M2OPS,Derived,9.9,0,1.0159562609142843,1027.71612392591,423.5071431185076,True,False
MI3PS,Derived,9.9,0,1.010529793240295,3282.24053737347,532.6413086550044,True,False
CITMALS,Derived,9.9,0,1.0163454593015602,1158.6196150817475,353.9060745573778,True,False
growth,Derived,9.9,0,1.0105203835411012,3294.4956223522217,532.6413086550044,True,False
4MOPtm,Derived,9.9,0,1.0169103513241924,817.7465856338928,353.9060745573778,True,False
AKGMALtm,Derived,9.9,0,1.0124117779042772,2605.6899832491235,1887.0898511373898,True,False
FEt1m,Derived,9.9,0,1.0105203835411012,3294.4956223522217,532.6413086550044,True,False
RNA,Derived,9.9,0,1.0105203835411012,3294.4956223522217,532.6413086550044,True,False
DNA,Derived,9.9,0,1.0105203835411012,3294.4956223522217,532.6413086550044,True,False
COF,Derived,9.9,0,1.0105203835411012,3294.4956223522217,532.6413086550044,True,False
CDPDGPm_PP,Derived,9.9,0,1.0105203835411012,3294.4956223522217,532.6413086550044,True,False
13GS,Derived,9.9,0,1.0105203835411012,3294.4956223522217,532.6413086550044,True,False
3C3HMPtm,Derived,9.9,0,1.0169086085256693,808.9638100131206,353.9060745573778,True,False
3MOBtm,Derived,9.9,0,1.0185470592277341,468.4347991525189,466.2632934631359,True,False
4HBZtm,Derived,9.9,0,1.010510143026567,3300.743018137765,532.6413086550044,True,False
5AOPtm,Derived,9.9,0,1.0105203835411012,3294.49562235222,532.6413086550042,True,False
AATA,Derived,9.9,0,1.0138658473222693,1791.3456870414518,546.878557704384,True,False
ACGAM6PS,Derived,9.9,0,1.0105203835411012,3294.4956223522217,532.6413086550044,True,False
ACGAMPM,Derived,9.9,0,1.0105203835411012,3294.4956223522217,532.6413086550044,True,False
ACGKm,Derived,9.9,0,1.0161925506007385,970.5650231828678,423.5071431185076,True,False
ACLSm,Derived,9.9,0,1.0177396505116738,607.2935557134294,479.0780064235316,True,False
ACOTAim,Derived,9.9,0,1.0161925506007385,970.5650231828678,423.5071431185076,True,False
ADCL,Derived,9.9,0,1.010483730784433,3293.0042446124967,532.6413086550044,True,False
ADCS,Derived,9.9,0,1.010483730784433,3293.0042446124967,532.6413086550044,True,False
ADNK1,Derived,9.9,0,1.0126379080779067,2947.0216801056563,569.8356650107842,True,False
ADSK,Derived,9.9,0,1.0177441475628055,606.8665907106073,479.0780064235316,True,False
ADSL1r,Derived,9.9,0,1.0149582729726911,1349.257676471417,622.0276348887969,True,False
ADSL2r,Derived,9.9,0,1.0105048495880098,3213.326715990666,532.6413086550044,True,False
ADSS,Derived,9.9,0,1.0149582729726911,1349.257676471417,622.0276348887969,True,False
AGPRim,Derived,9.9,0,1.0161925506007385,970.5650231828678,423.5071431185076,True,False
AHCi,Derived,9.9,0,1.010526520142805,3294.920505411052,532.6413086550044,True,False
AHCYStm,Derived,9.9,0,1.0105145302894396,3299.5262399103917,532.6413086550042,True,False
AICART,Derived,9.9,0,1.0144496112598775,1489.2608867532604,531.9155957656254,True,False
AIRCr,Derived,9.9,0,1.0105048495880098,3213.326715990666,532.6413086550044,True,False
AKP1,Derived,9.9,0,1.0107099850033237,3297.824226791525,532.6413086550044,True,False
ALASm,Derived,9.9,0,1.0105203835411012,3294.4956223522217,532.6413086550044,True,False
AMETtm,Derived,9.9,0,1.0105161462612682,3296.842827581669,532.6413086550044,True,False
ANPRT,Derived,9.9,0,1.0156420634626966,1112.7764479249738,423.5071431185076,True,False
ANS,Derived,9.9,0,1.0156422327827577,1112.786185556183,423.5071431185076,True,False
ARGSL,Derived,9.9,0,1.0162005105631313,969.3187855258691,423.5071431185076,True,False
ARGSSr,Derived,9.9,0,1.0162005105631313,969.3187855258691,423.5071431185076,True,False
ASADi,Derived,9.9,0,1.014744866200268,1217.4783978935711,1800.0350868500714,True,False
ASNS1,Derived,9.9,0,1.0161885740613623,972.2497667822635,423.5071431185076,True,False
ASPCT,Derived,9.9,0,1.0105370829874187,3290.9833269800847,532.6413086550044,True,False
ASPKi,Derived,9.9,0,1.014744866200268,1217.4783978935711,1800.0350868500714,True,False
ASPTAm,Derived,9.9,0,1.0121907878152379,2820.2214584206004,2488.7529653817355,True,False
ATPPRT,Derived,9.9,0,1.0162288743711394,978.6433874506564,439.00784579699473,True,False
BPNT,Derived,9.9,0,1.0181525346511822,497.50440847071803,363.4464820964621,True,False
C14STR,Derived,9.9,0,1.0105203835411012,3294.4956223522217,532.6413086550044,True,False
C24STRer,Derived,9.9,0,1.0105203835411012,3294.4956223522217,532.6413086550044,True,False
C3STDH1,Derived,9.9,0,1.0105203835411012,3294.4956223522217,532.6413086550044,True,False
C3STKR1,Derived,9.9,0,1.0105203835411012,3294.4956223522217,532.6413086550044,True,False
C4STMO1,Derived,9.9,0,1.0105203835411012,3294.4956223522217,532.6413086550044,True,False
C5STDS,Derived,9.9,0,1.0105203835411012,3294.4956223522217,532.6413086550044,True,False
C8STI,Derived,9.9,0,1.0105203835411012,3294.4956223522217,532.6413086550044,True,False
CBPS,Derived,9.9,0,1.015520105279944,1146.9904446773883,425.52491330359027,True,False
CHORM,Derived,9.9,0,1.018407564212411,471.20830571631404,466.2632934631359,True,False
CHORS,Derived,9.9,0,1.0177832801206257,596.6052285176148,479.0780064235316,True,False
CHRPL,Derived,9.9,0,1.010510143026567,3300.743018137765,532.6413086550044,True,False
CHTNS,Derived,9.9,0,1.0105203835411012,3294.4956223522217,532.6413086550044,True,False
CO2t,Derived,9.9,0,1.0140244848088835,1693.5539464127592,529.0007932195354,True,False
CPPPGO,Derived,9.9,0,1.0105203835411012,3294.4956223522217,532.6413086550044,True,False
CYSTL,Derived,9.9,0,1.0255065746483945,182.20081473259637,2911.169658137103,True,True
DHAD1m,Derived,9.9,0,1.0177396505116738,607.2935557134294,479.0780064235316,True,False
DHAD2m,Derived,9.9,0,1.0159562609142843,1027.71612392591,423.5071431185076,True,False
DHFS,Derived,9.9,0,1.010483730784433,3293.0042446124967,532.6413086550044,True,False
DHNPAm,Derived,9.9,0,1.010483730784433,3293.0042446124967,532.6413086550044,True,False
DHORTS,Derived,9.9,0,1.0105370829874187,3290.9833269800847,532.6413086550042,True,False
DHQS,Derived,9.9,0,1.0177832801206257,596.6052285176148,479.0780064235316,True,False
DHQTi,Derived,9.9,0,1.0177832801206257,596.6052285176148,479.0780064235316,True,False
DMATT,Derived,9.9,0,1.0105203835411012,3294.4956223522217,532.6413086550044,True,False
DOLPMTcer,Derived,9.9,0,1.010648478136953,3297.560533066125,531.1810803398661,True,False
DPMVD,Derived,9.9,0,1.01050824854807,3299.700962088465,532.6413086550044,True,False
FCLTm,Derived,9.9,0,1.0105203835411012,3294.4956223522217,532.6413086550044,True,False
FE2t,Derived,9.9,0,1.0105203835411012,3294.4956223522217,532.6413086550044,True,False
FRTT,Derived,9.9,0,1.0104941930185891,3302.3703587946957,532.6413086550044,True,False
GALU,Derived,9.9,0,1.0105203835411012,3294.4956223522217,532.6413086550044,True,False
GARFTi,Derived,9.9,0,1.0103782692343903,3244.3038020816343,532.6413086550044,True,False
GF6PTA,Derived,9.9,0,1.0105203835411012,3294.4956223522217,532.6413086550044,True,False
GHMT2r,Derived,9.9,2,1.0100957015427054,2317.4379668017673,2712.066133663833,True,False
GK1,Derived,9.9,1,1.0167384937657011,1153.1228375693893,371.38715029726876,True,False
GLCS2,Derived,9.9,0,1.0105203835411012,3294.4956223522217,532.6413086550044,True,False
GLNS,Derived,9.9,0,1.0158178306983348,1105.404804184271,580.54176218753,True,False
GLUPRT,Derived,9.9,0,1.0103782692343903,3244.3038020816343,532.6413086550044,True,False
GMPS2,Derived,9.9,0,1.0103627696804582,3199.079648616542,532.6413086550044,True,False
GRTT,Derived,9.9,0,1.0105203835411012,3294.4956223522217,532.6413086550044,True,False
H2Ot,Derived,9.9,0,1.0123202705197554,2535.0418409434415,541.7853368971552,True,False
HACNHm,Derived,9.9,0,1.0136496170679987,2012.8743071727301,546.878557704384,True,False
HCITSm,Derived,9.9,0,1.0136496170679987,2012.8743071727301,546.878557704384,True,False
HETZK,Derived,9.9,1,1.0187580417608872,1147.7766394247867,2103.066500215636,True,False
HEX1,Derived,9.9,4,1.2488045866362971,15.622541892813054,199.40616016216072,True,True
HISTP,Derived,9.9,0,1.0162288743711394,978.6433874506564,439.00784579699473,True,False
HMBS,Derived,9.9,0,1.0105203835411012,3294.4956223522217,532.6413086550044,True,False
HMGCOAR,Derived,9.9,0,1.01050824854807,3299.700962088446,532.6413086550042,True,False
HMGCOAtm,Derived,9.9,0,1.01050824854807,3299.700962088446,532.6413086550042,True,False
HSDxi,Derived,9.9,0,1.014744866200268,1217.4783978935711,1800.0350868500714,True,False
HSK,Derived,9.9,0,1.0177046313593874,659.7840655420731,387.5966734251866,True,False
HSTPT,Derived,9.9,0,1.0162288743711394,978.6433874506564,439.00784579699473,True,False
IG3PS,Derived,9.9,0,1.0162288743711394,978.6433874506564,439.00784579699473,True,False
IGPDH,Derived,9.9,0,1.0162288743711394,978.6433874506564,439.00784579699473,True,False
IGPS,Derived,9.9,0,1.0156420634626966,1112.7764479249738,423.5071431185076,True,False
IMPC,Derived,9.9,0,1.0144496112598775,1489.2608867532601,531.9155957656254,True,False
IMPD,Derived,9.9,0,1.0106505817738387,3168.971181705813,535.3905670023951,True,False
IPDDI,Derived,9.9,0,1.0105203835411012,3294.4956223522217,532.6413086550044,True,False
IPMD,Derived,9.9,0,1.0169086085256693,808.9638100131206,353.9060745573778,True,False
IPPMIa,Derived,9.9,0,1.0169086085256693,808.9638100131206,353.9060745573778,True,False
IPPMIb,Derived,9.9,0,1.0169086085256693,808.9638100131206,353.9060745573778,True,False
KARA1im,Derived,9.9,0,1.0177396505116738,607.2935557134294,479.0780064235316,True,False
LEUTA,Derived,9.9,0,1.0169086085256693,808.9638100131206,353.9060745573778,True,False
LNSTLS,Derived,9.9,0,1.0105203835411012,3294.4956223522217,532.6413086550044,True,False
MAN6PI,Derived,9.9,0,1.0105203835411012,3294.49562235222,532.6413086550042,True,False
MCITDm,Derived,9.9,0,1.0136496170679987,2012.8743071727301,546.878557704384,True,False
MDH,Derived,9.9,0,1.012716583160126,3042.5419605531692,1876.2399331550962,True,False
MDHm,Derived,9.9,0,1.012372776939391,2532.3117344530106,1677.9143148064145,True,False
METAT,Derived,9.9,0,1.0102875152151543,3355.67617699638,532.6413086550044,True,False
METS,Derived,9.9,0,1.0153574676543784,1192.9385921519233,425.52491330359027,True,False
MEVK1,Derived,9.9,0,1.01050824854807,3299.700962088465,532.6413086550044,True,False
MTHFR3,Derived,9.9,0,1.0153574676543784,1192.9385921519233,425.52491330359027,True,False
NDP3,Derived,9.9,3,1.1200137712340235,27.55684481313924,1201.9014626280368,True,True
NDPK2,Derived,9.9,0,1.0104721098719494,3329.084956503481,532.6413086550044,True,False
NDPK8,Derived,9.9,0,1.016121382770215,537.2096602041449,582.7054916343577,True,False
NH4t,Derived,9.9,0,1.0167131372002418,859.1748089144263,353.9060745573778,True,False
O2t,Derived,9.9,0,1.013977800373918,1717.6885961309401,529.0007932195354,True,False
O2tm,Derived,9.9,0,1.0125196852934335,3466.858952527923,934.9240736798369,True,False
OCBTi,Derived,9.9,0,1.0162005105631313,969.3187855258691,423.5071431185076,True,False
OMPDC,Derived,9.9,0,1.0105370829874187,3290.9833269800847,532.6413086550044,True,False
ORNt3m,Derived,9.9,0,1.0161925506007385,970.5650231828678,423.5071431185076,True,False
ORNTACim,Derived,9.9,0,1.0161925506007385,970.5650231828678,423.5071431185076,True,False
ORPT,Derived,9.9,0,1.0105370829874187,3290.9833269800847,532.6413086550042,True,False
PAPSR,Derived,9.9,0,1.0177441475628055,606.8665907106073,479.0780064235316,True,False
PETOHM_PP,Derived,9.9,0,1.0105384840023244,3295.938861330193,532.6413086550044,True,False
PGMT,Derived,9.9,0,1.0105203835411012,3294.49562235222,532.6413086550042,True,False
PGPPAm_PP,Derived,9.9,0,1.0105203835411012,3294.4956223522217,532.6413086550044,True,False
PIt2r,Derived,9.9,0,1.0105409003479984,3302.8890516147962,532.6413086550044,True,False
PMANM,Derived,9.9,0,1.0105203835411012,3294.49562235222,532.6413086550042,True,False
PMEVK,Derived,9.9,0,1.01050824854807,3299.700962088465,532.6413086550044,True,False
PMPK,Derived,9.9,1,1.01939623202918,1126.538078245646,2047.8792269033745,True,False
PPA,Derived,9.9,0,1.011592236706959,3006.7865518424337,4069.302766804218,True,False
PPBNGS,Derived,9.9,0,1.0105203835411012,3294.4956223522217,532.6413086550044,True,False
PPND2,Derived,9.9,0,1.018669520230188,477.92064973295,420.6742872768442,True,False
PPNDH,Derived,9.9,0,1.0181550029114208,511.19747452254285,402.49428658771274,True,False
PPPG9tm,Derived,9.9,0,1.0105203835411012,3294.4956223522217,532.6413086550044,True,False
PPPGOm,Derived,9.9,0,1.0105203835411012,3294.4956223522217,532.6413086550044,True,False
PRAGSr,Derived,9.9,0,1.0103782692343903,3244.3038020816343,532.6413086550044,True,False
PRAIi,Derived,9.9,0,1.0156420634626966,1112.7764479249738,423.5071431185076,True,False
PRAIS,Derived,9.9,0,1.0103782692343903,3244.3038020816343,532.6413086550044,True,False
PRAMPC,Derived,9.9,0,1.0162288743711394,978.6433874506564,439.00784579699473,True,False
PRASCS,Derived,9.9,0,1.0105048495880098,3213.326715990666,532.6413086550044,True,False
PRATPP,Derived,9.9,0,1.0162288743711394,978.6433874506564,439.00784579699473,True,False
PRFGS,Derived,9.9,0,1.0103782692343903,3244.3038020816343,532.6413086550044,True,False
PRMICIi,Derived,9.9,0,1.0162288743711394,978.6433874506564,439.00784579699473,True,False
PRPPS,Derived,9.9,0,1.014240381588366,1587.003865908368,547.9642263331633,True,False
PSCVTi,Derived,9.9,0,1.0177832801206257,596.6052285176148,479.0780064235316,True,False
RBFK,Derived,9.9,0,1.0105203835411012,3294.4956223522217,532.6413086550044,True,False
RNDR1,Derived,9.9,1,1.021198319852336,1833.0492905033366,408.31945285424035,True,False
SACCD1,Derived,9.9,0,1.0138658473222693,1791.3456870414518,546.878557704384,True,False
SACCD2,Derived,9.9,0,1.0138658473222693,1791.3456870414518,546.878557704384,True,False
SAM24MT,Derived,9.9,0,1.0105203835411012,3294.4956223522217,532.6413086550044,True,False
SHK3D,Derived,9.9,0,1.0177832801206257,596.6052285176148,479.0780064235316,True,False
SHKK,Derived,9.9,0,1.0177832801206257,596.6052285176148,479.0780064235316,True,False
SO4ti,Derived,9.9,0,1.0177441475628055,606.8665907106073,479.0780064235316,True,False
SQLErx,Derived,9.9,0,1.0105203835411012,3294.4956223522217,532.6413086550044,True,False
SQLS,Derived,9.9,0,1.0105203835411012,3294.4956223522217,532.6413086550044,True,False
THMP,Derived,9.9,1,1.0207195820642094,1016.0145647421425,2049.0573719753716,True,False
THRS,Derived,9.9,0,1.0177046313593874,659.7840655420731,387.5966734251866,True,False
TMDS,Derived,9.9,0,1.0105203835411012,3294.4956223522217,532.6413086550044,True,False
TMPPP,Derived,9.9,1,1.01939623202918,1126.538078245646,2047.8792269033745,True,False
TRE6PP,Derived,9.9,0,1.0105203835411012,3294.4956223522217,532.6413086550044,True,False
TRE6PS,Derived,9.9,0,1.0105203835411012,3294.4956223522217,532.6413086550044,True,False
TRPS1,Derived,9.9,0,1.0156420634626966,1112.7764479249738,423.5071431185076,True,False
UDPACGLP,Derived,9.9,0,1.0105203835411012,3294.4956223522217,532.6413086550044,True,False
UPP3S,Derived,9.9,0,1.0105203835411012,3294.4956223522217,532.6413086550044,True,False
UPPDC1,Derived,9.9,0,1.0105203835411012,3294.4956223522217,532.6413086550044,True,False
CYOOm,Derived,9.9,0,1.0125192643200625,3466.8537938451227,934.9240736798369,True,False
PMETM_PP,Derived,9.9,0,1.0105384840023244,3295.938861330193,532.6413086550044,True,False
ERGSTAT_PP,Derived,9.9,0,1.0101740862827648,3451.062195774651,683.1014279521079,True,False
ZYMSTAT_PP,Derived,9.9,1,1.010951303022361,2679.173399030619,406.9447537663921,True,False
DASYN_PP,Derived,9.9,0,1.0104307788716105,2456.1708916103726,3941.18554819987,True,False
2HMHMBQMTm,Derived,9.9,0,1.010510143026567,3300.743018137765,532.6413086550044,True,False
MFAPS_PP,Derived,9.9,0,1.0105384840023244,3295.938861330193,532.6413086550044,True,False
3DH5HPBMTm,Derived,9.9,0,1.010510143026567,3300.743018137765,532.6413086550044,True,False
2HP6MPMOm,Derived,9.9,0,1.010510143026567,3300.743018137765,532.6413086550044,True,False
2HPMBQMTm,Derived,9.9,0,1.010510143026567,3300.743018137765,532.6413086550044,True,False
2HPMMBQMOm,Derived,9.9,0,1.010510143026567,3300.743018137765,532.6413086550044,True,False
HBZOPT6m,Derived,9.9,0,1.010510143026567,3300.743018137765,532.6413086550044,True,False
3OPHB5Hm,Derived,9.9,0,1.010510143026567,3300.743018137765,532.6413086550044,True,False
3HPH5MBDCm,Derived,9.9,0,1.010510143026567,3300.743018137765,532.6413086550044,True,False
ASPGLU2m,Derived,9.9,0,1.0121907878152379,2820.2214584206004,2488.7529653817355,True,False
2OBUTtm,Derived,9.9,0,1.0159562609142843,1027.71612392591,423.5071431185076,True,False
COAtim,Derived,9.9,0,1.0107600552243132,3289.032513089007,532.6413086550044,True,False
Ex_h2o,Derived,9.9,0,1.012320562083692,2535.868664647179,541.7853368971552,True,False
Ex_glc_D,Derived,9.9,4,1.2488045866362971,15.622541892813054,290.73495702770725,True,True
Ex_nh4,Derived,9.9,0,1.0167131372002418,859.1748089144259,353.9060745573778,True,False
Ex_pi,Derived,9.9,0,1.010537941993787,3237.388391382575,532.6413086550042,True,False
Ex_o2,Derived,9.9,0,1.013977800373918,1717.6885961309406,529.0007932195354,True,False
Ex_so4,Derived,9.9,0,1.0177441475628055,606.8665907106069,479.0780064235316,True,False
Ex_fe2,Derived,9.9,0,1.0105203835411012,3294.49562235222,532.6413086550042,True,False
Ex_co2,Derived,9.9,0,1.0140244848088835,1693.5539464127594,529.0007932195354,True,False
Ex_biomass,Derived,9.9,0,1.0105203835411012,3294.4956223522217,532.6413086550044,True,False
FAE1_26,Derived,9.9,2,1.0115667205631973,2543.1143042468902,529.907156101043,True,False
FAE2_26,Derived,9.9,2,1.0115667205631973,2543.1143042468902,529.907156101043,True,False
FAE3_26,Derived,9.9,2,1.0115667205631973,2543.1143042468902,529.907156101043,True,False
FAE4_26,Derived,9.9,2,1.0115667205631973,2543.1143042468902,529.907156101043,True,False
pgSCtm,Derived,9.9,0,1.0105203835411012,3294.4956223522217,532.6413086550044,True,False
DerivedProtein9.9,Derived,9.9,0,1.0105203835411012,3294.4956223522217,532.6413086550044,True,False
DerivedBiomass9.9,Derived,9.9,0,1.0105203835411012,3294.4956223522217,532.6413086550044,True,False
St,Derived,9.9,1,1.0125901593944064,2381.3538890048776,623.411959795349,True,False
DerivedLipid9.9,Derived,9.9,0,1.0105203835411012,3294.4956223522217,532.6413086550044,True,False
DerivedCarbohydrate9.9,Derived,9.9,0,1.0105203835411012,3294.4956223522217,532.6413086550044,True,False
BTSr,Derived,9.9,1,1.0125901593944064,2381.3538890048776,623.411959795349,True,False
GLCt1,Derived,13.9,4,1.2745971960903129,11.61965823921383,236.4229854846888,True,True
GLCP,Derived,13.9,4,1.4161910185817874,8.57844203834017,71.38961696084522,True,True
HEX1,Derived,13.9,4,1.2745971960903129,11.61965823921383,236.4229854846888,True,True
Ex_glc_D,Derived,13.9,4,1.2745971960903126,11.61965823921383,222.2698140126849,True,True
SK_glycogen_c,Derived,13.9,4,1.4161910185817876,8.57844203834017,55.630239816368686,True,True
GLCt1,Derived,16.9,1,1.2782076005177756,13.049543819667313,2213.9815358546343,True,True
GLCP,Derived,16.9,4,1.0782978982595908,149.90385215707647,1807.9373317381517,True,True
HEX1,Derived,16.9,1,1.2782076005177756,13.049543819667313,2213.9815358546343,True,True
Ex_glc_D,Derived,16.9,1,1.2782076005177758,13.049543819667313,2114.35892444784,True,True
SK_glycogen_c,Derived,16.9,4,1.0782978982595908,149.9038521570771,1780.4438224791033,True,True
IPCS118_PP,Derived,19.9,4,1.0104945526248623,2570.4465517569797,2701.364973978963,True,False
MANNANter,Derived,19.9,0,1.0105761692545205,1893.9156816023096,4909.5414527578105,True,False
DHFRim,Derived,19.9,2,1.0334478309412587,1695.4671541206815,195.1409272571887,True,False
dolpmmer,Derived,19.9,0,1.0105761692545205,1893.9156816023085,4909.5414527578105,True,False
DPRm,Derived,19.9,1,1.0334076816567002,2285.790727547401,153.96850490915182,True,False
GLCt1,Derived,19.9,0,1.015474763650295,1009.5815388765881,3330.6130959578986,True,False
PANTtm,Derived,19.9,1,1.0334076816567002,2285.7907275473976,4948.240231956956,True,False
DHFtm,Derived,19.9,1,1.030738448511292,2363.4809948785814,212.80335614020498,True,False
2DHPtm,Derived,19.9,1,1.0334076816567002,2285.790727547401,153.96850490915182,True,False
DHFRi,Derived,19.9,1,1.0445116001529602,94.8084070562832,212.80335614020498,True,True
DOLPMTcer,Derived,19.9,0,1.0105237939902165,1864.3220454152056,4909.5414527578105,True,False
DPR,Derived,19.9,1,1.0474458511733442,75.76239875175399,153.96850490915182,True,True
GLCP,Derived,19.9,0,1.3461312143058273,10.600510801717443,81.93368053962693,True,True
HEX1,Derived,19.9,0,1.0152427540828428,1335.903106371176,3386.6833083086117,True,False
PPA,Derived,19.9,0,1.0101781374616021,2653.983075231168,4449.127864654504,True,False
Ex_glc_D,Derived,19.9,0,1.015474763650295,1009.5815388766015,3330.6130959578986,True,False
FAE1_26,Derived,19.9,0,1.0105221092651104,2252.902129224737,4047.1558330269386,True,False
FAE2_26,Derived,19.9,0,1.0105221092651104,2252.902129224737,4047.1558330269386,True,False
FAE3_26,Derived,19.9,0,1.0105221092651104,2252.902129224737,4047.1558330269386,True,False
FAE4_26,Derived,19.9,0,1.0105221092651104,2252.902129224737,4047.1558330269386,True,False
SK_glycogen_c,Derived,19.9,0,1.3461312143058273,10.600510801717443,79.2829035806611,True,True
GLCt1,Derived,23.9,1,1.0111997296178816,2416.838161366679,2156.940263696967,True,False
GLCP,Derived,23.9,2,1.3708987538288375,9.609673236190286,72.15195419144737,True,True
HEX1,Derived,23.9,1,1.0110852669779689,2426.1203567045363,2156.940263696967,True,False
Ex_glc_D,Derived,23.9,1,1.0111997296178816,2416.8381613666793,2156.940263696983,True,False
SK_glycogen_c,Derived,23.9,2,1.3708987538288377,9.609673236190286,141.76916702440695,True,True
FAO141p_even,Derived,27.9,0,1.0120338268761475,2023.1567544627778,2085.502187010579,True,False
DIAT,Interpolated,C0.1,2,1.0133380825671374,683.6507631965363,949.2760241397348,True,False
POLYAO2,Interpolated,C0.1,2,1.0133380825671374,683.6507631965363,949.2760241397348,True,False
DHORDi,Interpolated,C0.1,4,1.011130166921058,477.3318021822737,934.5507880825782,True,False
DKMPPDb,Interpolated,C0.1,3,1.010819181538449,668.7355485767985,1220.039762458884,True,False
DKMPPDa,Interpolated,C0.1,3,1.010819181538449,668.7355485767985,1220.039762458884,True,False
ADMDC,Interpolated,C0.1,3,1.010819181538449,668.7355485767985,1220.039762458884,True,False
CO2t,Interpolated,C0.1,4,1.0193655685149572,626.7067679815689,718.555526776084,True,False
MDRPD,Interpolated,C0.1,3,1.010819181538449,668.7355485767985,1220.039762458884,True,False
MTRI,Interpolated,C0.1,3,1.010819181538449,668.7355485767985,1220.039762458884,True,False
UNK3,Interpolated,C0.1,3,1.010819181538449,668.7355485767985,1220.039762458884,True,False
ALDD22x,Interpolated,C0.1,3,1.010819181538449,668.7355485767985,1220.039762458884,True,False
Ex_co2,Interpolated,C0.1,4,1.0193655685149572,626.7067679815691,719.3306521538032,True,False
PCDAGAT,Interpolated,0.0,4,1.0133506788864384,524.4349987785679,498.31643375830345,True,False
12DGRter,Interpolated,0.9,0,1.012728534412526,4009.86775618332,3299.5491884296976,True,False
PAter,Interpolated,0.9,0,1.012728534412526,4009.8677561833174,3299.5491884296976,True,False
DOLter,Interpolated,0.9,0,1.0144025145574667,1585.0958718667555,4839.448035282258,True,False
DESAT18_2,Interpolated,0.9,0,1.0116359949683342,3349.5199845034836,4565.623782677944,True,False
DOLPt2er,Interpolated,0.9,0,1.0180216401562987,4536.392332793825,4653.018964883974,True,False
ATPS3g,Interpolated,0.9,0,1.0152769279269127,1615.23613721659,3863.3913921699586,True,False
DOLK,Interpolated,0.9,0,1.0144025145574667,1585.0958718667555,4443.5657601846,True,False
FACOAL140p,Interpolated,0.9,0,1.0211170502965665,344.18451891108236,4450.609899557252,True,True
HMPK1,Interpolated,0.9,1,1.01214340781191,2510.4178704349356,3448.2036444776477,True,False
PPNCL2,Interpolated,0.9,0,1.010045685929018,4876.531417823252,4669.489932650576,True,False
ACPpds,Interpolated,0.9,0,1.0112797702344682,3895.46264666423,4633.002959957243,True,False
ACPS1,Interpolated,0.9,0,1.0112797702344682,3895.46264666423,4633.002959957243,True,False
AMPTASECG,Interpolated,0.9,4,1.0109764634271732,1928.5602407762917,4541.482222905412,True,False
DOLPHer,Interpolated,0.9,0,1.0144025145574667,1585.0958718667555,4443.5657601846,True,False
GTHRDHpp,Interpolated,0.9,4,1.0109764634271732,1928.5602407762917,4541.482222905412,True,False
PIt2g,Interpolated,0.9,0,1.0152769279269127,1615.23613721659,3863.3913921699586,True,False
ATPtg_H,Interpolated,0.9,0,1.0152769279269127,1615.23613721659,4705.180275949594,True,False
ASPGLUtp,Interpolated,0.9,0,1.014611118507322,4435.686418889886,4461.368163372186,True,False
CO2tg,Interpolated,0.9,0,1.0152769279269127,1615.23613721659,4705.180275949594,True,False
NADPPPS,Interpolated,0.9,0,1.0128144747038503,4366.52481006361,3569.373964650282,True,False
PEtg_SC,Interpolated,0.9,0,1.0152769279269127,1615.23613721659,4705.180275949594,True,False
PStg_SC,Interpolated,0.9,0,1.0152769279269127,1615.23613721659,3863.3913921699586,True,False
AGAT_PP,Interpolated,0.9,0,1.0102167610937727,3606.838093512128,3536.489260164614,True,False
ASPTAp,Interpolated,0.9,0,1.014611118507322,4435.686418889886,4461.368163372186,True,False
DAGPYPer_PP,Interpolated,0.9,0,1.012728534412526,4009.8677561833174,3299.5491884296976,True,False
FDH,Interpolated,0.9,0,1.010725117454773,2364.5353755680176,4339.820784521929,True,False
G3PD1ir,Interpolated,0.9,0,1.0125964469502309,4630.342645617755,4661.192150515875,True,False
GK1,Interpolated,0.9,0,1.0115909994997128,3437.6223863276737,4508.758735841454,True,False
MEVK1,Interpolated,0.9,0,1.0105855463704134,4736.86676030137,4978.533578704966,True,False
NADK,Interpolated,0.9,0,1.0125465332003254,4331.097013456222,3569.373964650282,True,False
PGCD,Interpolated,0.9,0,1.010008368235707,4229.708617443135,4304.463078543046,True,False
PPA,Interpolated,0.9,0,1.010997718928149,4960.039758037798,4578.442627290603,True,False
PSERT,Interpolated,0.9,0,1.010008368235707,4229.708617443135,4304.463078543046,True,False
PSP_L,Interpolated,0.9,0,1.010008368235707,4229.708617443135,4304.463078543046,True,False
RNDR1,Interpolated,0.9,0,1.0112067970601526,3529.565866904231,4543.942800988025,True,False
GAT1_PP,Interpolated,0.9,0,1.012460825399054,3574.0952832634907,3045.0247663238856,True,False
PSERDg_PP,Interpolated,0.9,0,1.0152769279269127,1615.23613721659,3863.3913921699586,True,False
Htr,Interpolated,0.9,0,1.0122176155747042,4551.096473169326,4623.604283783622,True,False
H2Otg,Interpolated,0.9,0,1.0152769279269127,1615.23613721659,4705.180275949594,True,False
rvHHVAA,Interpolated,0.9,0,1.0135153106006647,4226.860191636949,4558.589245625716,True,False
Ex_vHHV,Interpolated,0.9,0,1.0135153106006647,4226.860191636949,4558.589245625716,True,False
CERASE124,Interpolated,5.9,3,1.011510947838474,1259.7859672136817,1722.89319589731,True,False
GLCt1,Interpolated,5.9,0,1.3699818602661078,9.78127983652549,775.5156931539624,True,True
HEX1,Interpolated,5.9,0,1.3699818602661078,9.78127983652549,775.5156931539624,True,True
Ex_glc_D,Interpolated,5.9,0,1.3699818602661078,9.781279836525483,1535.9420160646716,True,True
PYDXK,Interpolated,7.9,2,1.0646662066709647,45.508809508774206,2252.7212051271636,True,True
PDXPHT,Interpolated,7.9,2,1.076553324853002,46.875944333171496,1839.1191736406208,True,True
E4PDH,Interpolated,7.9,3,1.033112975932147,166.6155309423684,1774.1825434095692,True,True
PDX5PSYN,Interpolated,7.9,3,1.033112975932147,166.6155309423684,1774.1825434095692,True,True
GLCt1,Interpolated,7.9,4,1.0987140599952885,32.02346892612221,752.2267483744008,True,True
OHPBAT,Interpolated,7.9,3,1.033112975932147,166.6155309423684,1774.1825434095692,True,True
PDX5PO,Interpolated,7.9,1,1.035668799241014,411.25438077842364,1616.352785379951,True,False
AMPDA,Interpolated,7.9,3,1.0143277445725158,387.1158073406705,5000,True,True
HEX1,Interpolated,7.9,4,1.0987140599952885,32.02346892612221,752.2267483744008,True,True
Ex_glc_D,Interpolated,7.9,4,1.0987140599952885,32.02346892612215,722.4635235025157,True,True
PYDXK,Interpolated,9.9,2,1.0466404957805693,88.01849041578518,1786.3406766905114,True,True
PDXPHT,Interpolated,9.9,2,1.039781229811838,113.15568279564837,2799.0099303101874,True,True
E4PDH,Interpolated,9.9,1,1.0130523525361925,1306.6878891142617,2536.0511880389417,True,False
PDX5PSYN,Interpolated,9.9,1,1.0130523525361925,1306.6878891142617,2536.0511880389417,True,False
ADK3,Interpolated,9.9,1,1.0116940549840954,1979.688548283275,3739.935290310319,True,False
GLCt1,Interpolated,9.9,4,1.1983613508946918,19.498813729143592,235.09465027946052,True,True
OHPBAT,Interpolated,9.9,1,1.0130523525361925,1306.6878891142617,2536.0511880389417,True,False
HEX1,Interpolated,9.9,0,1.1424597703152182,32.939025541725734,1214.1046643896561,True,True
Ex_glc_D,Interpolated,9.9,4,1.1983613508946918,19.498813729143592,299.3630821794687,True,True
PYDXK,Interpolated,13.9,0,1.0289672134145373,1460.883855570184,2015.9118608812669,True,False
PDXPHT,Interpolated,13.9,0,1.0273320518054336,357.38054986051463,2297.760329626488,True,True
E4PDH,Interpolated,13.9,0,1.030626730956437,143.58610513968657,2503.806214080072,True,True
PDX5PSYN,Interpolated,13.9,0,1.030626730956437,143.58610513968657,2503.806214080072,True,True
GLCt1,Interpolated,13.9,2,1.2571901839452344,11.961900140356404,312.82552872817956,True,True
OHPBAT,Interpolated,13.9,0,1.030626730956437,143.58610513968657,2503.806214080072,True,True
PDX5PO,Interpolated,13.9,0,1.0277340731371565,172.1699089415478,2624.447145640686,True,True
ACPpds,Interpolated,13.9,2,1.0101926161432686,1904.4985714438917,2482.154093725282,True,False
ACPS1,Interpolated,13.9,2,1.0101926161432686,1904.4985714438917,2482.154093725282,True,False
HEX1,Interpolated,13.9,1,1.0350289995244488,1444.7448111171414,338.89033121434306,True,False
Ex_glc_D,Interpolated,13.9,2,1.2571901839452344,11.961900140356404,141.4631396744652,True,True
PYDAMK,Interpolated,16.9,0,1.0106627950488962,2258.145664142844,3246.32897307181,True,False
PDXPHT,Interpolated,16.9,0,1.0193588260765871,2046.4305901456335,3290.6727382244403,True,False
E4PDH,Interpolated,16.9,1,1.0165142064344945,1909.0079357989223,2624.397854281808,True,False
PDX5PSYN,Interpolated,16.9,1,1.0165142064344945,1909.0079357989223,2624.397854281808,True,False
GLCt1,Interpolated,16.9,3,1.3156465330421239,10.683611398103098,1730.3254159243145,True,True
GTHP,Interpolated,16.9,0,1.0121184771567497,1748.3959610502543,2990.2236966825235,True,False
OHPBAT,Interpolated,16.9,1,1.0165142064344945,1909.0079357989223,2624.397854281808,True,False
PDX5PO,Interpolated,16.9,0,1.0153146321122621,2380.9932750435914,3322.8007782280074,True,False
THIORDXi,Interpolated,16.9,1,1.019830670338453,1145.318311417207,3319.14652283875,True,False
DHORDi,Interpolated,16.9,1,1.023488583018554,475.3294818572002,2717.0619619919908,True,False
TRDOXtp,Interpolated,16.9,0,1.0136964657768173,2810.5196469322773,4684.388708215971,True,False
TRDRDtp,Interpolated,16.9,0,1.0136964657768173,2810.519646932276,4684.388708215971,True,False
THIORDXp,Interpolated,16.9,0,1.0136964657768173,2810.519646932276,4684.388708215971,True,False
GTHO,Interpolated,16.9,0,1.0117984841663403,2443.660654368052,3005.776748930512,True,False
HEX1,Interpolated,16.9,0,1.226276491094257,13.630649639291548,1287.5595354528493,True,True
Ex_glc_D,Interpolated,16.9,3,1.3156465330421239,10.683611398103098,1324.0063480909453,True,True
CERASE126,Interpolated,19.9,2,1.01114023684975,1672.9850388260656,3196.664562658961,True,False
4ABUTNtm,Interpolated,19.9,0,1.0105484714899837,2059.3687697422274,1796.3259592614029,True,False
4ABUTtm,Interpolated,19.9,0,1.0105484714899837,2059.3687697422283,1796.3259592614077,True,False
AHMMPS,Interpolated,19.9,0,1.0198805244976112,354.7376586572276,1995.5021572112657,True,True
PYDXK,Interpolated,19.9,1,1.123183599752448,23.13901365483626,2144.7426816579245,True,True
CERH124,Interpolated,19.9,1,1.0106798707541444,1529.2784561611534,1187.9873236709943,True,False
PDXPHT,Interpolated,19.9,0,1.1380506991909536,20.379396379516987,2144.7426816579245,True,True
E4PDH,Interpolated,19.9,0,1.0715898295033353,41.073765472897364,336.1546282937374,True,True
PDX5PSYN,Interpolated,19.9,0,1.0715898295033353,41.073765472897364,336.1546282937374,True,True
PYMDSYN,Interpolated,19.9,0,1.0184057612622028,786.9467907122942,472.24360762965546,True,False
ADK1,Interpolated,19.9,0,1.015672986605949,1653.0005545570991,1527.6157305662707,True,False
ADK3,Interpolated,19.9,1,1.013160199689869,2961.9752868510427,3939.4440828917755,True,False
GLCt1,Interpolated,19.9,1,1.078026166030325,1032.9984391192381,1698.1583996583752,True,False
HMPK1,Interpolated,19.9,1,1.024925827267882,346.8769523239036,2121.3974607941195,True,True
OHPBAT,Interpolated,19.9,0,1.0715898295033353,41.073765472897364,336.1546282937374,True,True
PDX5PO,Interpolated,19.9,0,1.0711702545529158,41.716944801164715,370.75779413693414,True,True
ACPpds,Interpolated,19.9,0,1.0208760284145302,661.3347526589893,1976.0697243741645,True,False
ACPS1,Interpolated,19.9,0,1.0208760284145302,661.3347526589893,1976.0697243741645,True,False
NADDP,Interpolated,19.9,0,1.0370435176757034,167.58636978032925,3083.1750437034857,True,True
13DAMPPO,Interpolated,19.9,0,1.0105484714899837,2059.3687697422274,1796.3259592614029,True,False
CERS224,Interpolated,19.9,2,1.0131864774881645,1678.4241675849269,1610.1242299920284,True,False
ABUTDm,Interpolated,19.9,0,1.0105484714899837,2059.3687697422274,1796.3259592614029,True,False
DPCOAK,Interpolated,19.9,0,1.0251021977753123,318.0566204764731,1373.9630696199715,True,True
HEX1,Interpolated,19.9,1,1.078026166030325,1032.9984391192381,1698.1583996583752,True,False
GCALDD,Interpolated,19.9,0,1.0205515940706817,557.3133696066926,347.57994186219634,True,False
GLYCLTDy,Interpolated,19.9,0,1.0205515940706817,557.3133696066926,1995.5021572112644,True,False
NDPK1,Interpolated,19.9,1,1.020593607423104,364.1662640111425,324.7527815593099,True,True
NMNAT,Interpolated,19.9,3,1.0135856082629493,1569.6431589638923,2009.496767185083,True,False
PTPATi,Interpolated,19.9,0,1.0251021977753123,318.0566204764731,1373.9630696199715,True,True
RNDR1,Interpolated,19.9,0,1.0101330520326985,2713.1136745011972,2318.2136226987745,True,False
Ex_glc_D,Interpolated,19.9,1,1.0780261660303248,1032.9984391192388,1673.8411168856564,True,False
rvHHVAA,Interpolated,19.9,4,1.0152687413382657,1570.971419337811,2029.937416967785,True,False
Ex_vHHV,Interpolated,19.9,4,1.0152687413382657,1570.971419337811,2029.937416967785,True,False
PYDXS,Fitted,0.0,3,1.0101396426223566,798.8181561024863,1380.347236979299,True,False
NADPPPS,Fitted,0.0,4,1.01864622795271,340.27926646639514,864.2038789542555,True,True
NADK,Fitted,0.0,4,1.0186847998359245,340.45394409148275,838.6804194039337,True,True
PHETA1,Fitted,0.0,1,1.010024567168241,618.2687990620141,1266.3120165618705,True,False
NTD10,Fitted,1.9,2,1.0125551855807144,470.98001079963996,517.7566396753444,True,False
IPC326PLC_PP,Fitted,1.9,3,1.010338441023325,1208.0052111667303,1417.3060109518233,True,False
PUNP7,Fitted,1.9,2,1.0125551855807144,470.98001079963996,517.7566396753444,True,False
ACPpds,Fitted,1.9,4,1.0108762608116193,550.863673877392,949.8581668059812,True,False
ACPS1,Fitted,1.9,4,1.0108762608116193,550.863673877392,949.8581668059812,True,False
XAND,Fitted,1.9,2,1.0123857736131712,439.2968602934717,502.25159572008766,True,False
URATEHO,Fitted,1.9,2,1.0123857736131712,439.2968602934717,502.25159572008766,True,False
ALLTNISOR,Fitted,1.9,2,1.0123857736131712,439.2968602934718,502.25159572008766,True,False
5HIURATEH,Fitted,1.9,2,1.0123857736131712,439.2968602934717,502.25159572008766,True,False
OHCUREIMDZLNCAR,Fitted,1.9,2,1.0123857736131712,439.2968602934717,502.25159572008766,True,False
ALLTAHr,Fitted,1.9,2,1.0123857736131712,439.2968602934717,502.25159572008766,True,False
ALLTNr,Fitted,1.9,2,1.0123857736131712,439.2968602934717,502.25159572008766,True,False
ALPHNH,Fitted,1.9,2,1.0104706420777139,537.5803195341178,606.233077044461,True,False
G3PD1ir,Fitted,1.9,2,1.0100168649654626,2224.579661035693,2155.843096053509,True,False
UGLYCHr,Fitted,1.9,2,1.0123857736131712,439.2968602934717,502.25159572008766,True,False
UREASE,Fitted,1.9,2,1.0104706420777139,537.5803195341178,606.233077044461,True,False
GLCt1,Fitted,5.9,1,1.3190718796575016,10.490896678686756,178.67447218296104,True,True
HEX1,Fitted,5.9,1,1.3190718796575016,10.490896678686756,178.67447218296104,True,True
Ex_glc_D,Fitted,5.9,1,1.3190718796575016,10.490896678686763,376.15078646995136,True,True
GLCt1,Fitted,7.9,4,1.1462464981641722,21.05339792310889,779.7309571622247,True,True
HEX1,Fitted,7.9,4,1.1462464981641722,21.05339792310889,779.7309571622247,True,True
Ex_glc_D,Fitted,7.9,4,1.1462464981641722,21.05339792310891,743.3933562156612,True,True
GLCt1,Fitted,9.9,4,1.2177336806729726,18.911089470167486,434.57887360770616,True,True
HEX1,Fitted,9.9,2,1.1560641229982467,24.294491620596773,1416.2921424177644,True,True
Ex_glc_D,Fitted,9.9,4,1.2177336806729726,18.911089470167486,489.9053793975921,True,True
GLCt1,Fitted,13.9,4,1.3008297652049285,10.795295710399575,132.20299257120618,True,True
DPCOAK,Fitted,13.9,1,1.0103199530520097,1327.949398661532,1285.4593818967815,True,False
HEX1,Fitted,13.9,3,1.2963715585352895,10.940903322785697,142.11733952501416,True,True
PTPATi,Fitted,13.9,1,1.0103199530520097,1327.949398661532,1285.4593818967815,True,False
Ex_glc_D,Fitted,13.9,4,1.3008297652049285,10.795295710399573,134.07275755791272,True,True
rvHHVAA,Fitted,13.9,4,1.0107055608341937,1082.3576424740174,1472.0129956104956,True,False
Ex_vHHV,Fitted,13.9,4,1.0107055608341937,1082.3576424740174,1472.0129956104956,True,False
PYDXK,Fitted,16.9,4,1.069843080695181,46.6303380839123,1654.3036460518153,True,True
ASPt5n,Fitted,16.9,3,1.0192186415081845,563.5536411404019,4367.515981832273,True,False
PDXPHT,Fitted,16.9,4,1.103805573709815,28.95515975974811,1550.8052843519988,True,True
E4PDH,Fitted,16.9,3,1.0373675321027211,222.71950542711346,1196.0780377204746,True,True
PDX5PSYN,Fitted,16.9,3,1.0373675321027211,222.71950542711346,1196.0780377204746,True,True
ASPt2n,Fitted,16.9,3,1.0192186415081845,563.5536411404019,4367.515981832273,True,False
CO2tn,Fitted,16.9,3,1.0192186415081845,563.5536411404019,4367.515981832273,True,False
GLCt1,Fitted,16.9,3,1.2112331626596564,14.695515870100808,1016.3827859950143,True,True
H2Otn,Fitted,16.9,3,1.0192186415081845,563.5536411404019,4367.515981832273,True,False
HCO3E,Fitted,16.9,3,1.0237529797394185,248.2162530116874,159.7586112349529,True,True
HCO3En,Fitted,16.9,3,1.0192186415081845,563.5536411404019,159.75861123495204,True,False
OHPBAT,Fitted,16.9,3,1.0373675321027211,222.71950542711346,1196.0780377204746,True,True
PDX5PO,Fitted,16.9,0,1.0425468741338575,117.49689316509613,1527.6670833047842,True,True
HCO3tn,Fitted,16.9,3,1.0192186415081845,563.5536411404019,4367.515981832273,True,False
HEX1,Fitted,16.9,3,1.2112247943203087,14.7046713072711,1016.3827859950143,True,True
Ex_glc_D,Fitted,16.9,3,1.2112331626596564,14.695515870100813,959.7695400533902,True,True
PYDXK,Fitted,19.9,3,1.0942709230996834,31.28990175380109,2097.2661635913187,True,True
PDXPHT,Fitted,19.9,2,1.08826664311002,33.22165507822252,2106.358487148512,True,True
E4PDH,Fitted,19.9,0,1.0344291765005817,118.9040950556137,1644.531130447309,True,True
PDX5PSYN,Fitted,19.9,0,1.0344291765005817,118.9040950556137,1644.531130447309,True,True
GLCt1,Fitted,19.9,3,1.053289204925142,100.79226275235035,1384.996594952859,True,True
OHPBAT,Fitted,19.9,0,1.0344291765005817,118.9040950556137,1644.531130447309,True,True
PDX5PO,Fitted,19.9,0,1.024113804051701,284.31465885511176,1720.914139610515,True,True
PCDAGAT,Fitted,19.9,3,1.072234783465408,37.213468443040924,22.15233931452833,True,True
ACPpds,Fitted,19.9,1,1.031260773068294,139.51031098671743,1576.1852097380051,True,True
ACPS1,Fitted,19.9,1,1.031260773068294,139.51031098671743,1576.1852097380051,True,True
pla2_2,Fitted,19.9,0,1.080827680408306,34.35982621900419,770.6108111230126,True,True
HEX1,Fitted,19.9,2,1.0521752606453034,104.5177434069299,1398.742380413034,True,True
TRIGS_PP,Fitted,19.9,0,1.0378030433635723,109.4369128360213,3578.140534385945,True,True
LPCAT_PP,Fitted,19.9,0,1.0245060415596667,2552.8582530680164,1567.9017711290785,True,False
Ex_glc_D,Fitted,19.9,3,1.053289204925142,100.79226275235035,1361.5188001203055,True,True
MIP2C126PLC_PP,Fitted,19.9,0,1.0107702284141051,2485.8674122135985,3225.948229826592,True,False
MIP2CS126_PP,Fitted,19.9,0,1.0107702284141051,2485.8674122135985,3225.948229826592,True,False
GLCt1,Fitted,23.9,1,1.4557395656438297,9.144930101262172,113.2741471147294,True,True
HEX1,Fitted,23.9,1,1.4557395656438297,9.144930101262172,113.2741471147294,True,True
Ex_glc_D,Fitted,23.9,1,1.4557395656438297,9.144930101262172,95.13661309538448,True,True
GLCt1,Fitted,27.9,2,1.2151804846992453,15.616391113529444,1696.8445318265822,True,True
HEX1,Fitted,27.9,2,1.2151804846992453,15.616391113529444,1696.8445318265822,True,True
Ex_glc_D,Fitted,27.9,2,1.2151804846992453,15.616391113529437,2014.5563524386455,True,True
TMN,ScaledConsensus,C0.1,3,1.0110601243120607,584.6141801322877,1169.6082299038246,True,False
ADK1,ScaledConsensus,C0.1,0,1.015081836334301,1023.4797478855647,918.6928969329651,True,False
ADK3,ScaledConsensus,C0.1,4,1.0106374392393995,1362.8094672788955,3142.9443052698593,True,False
GTHO,ScaledConsensus,C0.1,4,1.0070874697664849,373.19337655035713,471.9007252469817,False,True
HETZK,ScaledConsensus,C0.1,3,1.0110601243120607,584.6141801322877,1169.6082299038246,True,False
NDPK1,ScaledConsensus,C0.1,4,1.0129397786244514,1035.8741845842687,879.418733111596,True,False
rvHHVAA,ScaledConsensus,C0.1,4,1.0104208136103512,597.5902825241063,542.9951185493074,True,False
Ex_vHHV,ScaledConsensus,C0.1,4,1.0104208136103512,597.5902825241063,542.9951185493074,True,False
PYDXS,ScaledConsensus,0.9,3,1.0137816278431193,871.4880730899424,673.5178087575688,True,False
AABTN,ScaledConsensus,0.9,4,1.017370163507075,461.68972187679464,666.5923620323921,True,False
APRTO2,ScaledConsensus,0.9,4,1.017370163507075,461.68972187679464,666.5923620323921,True,False
NABTNO,ScaledConsensus,0.9,4,1.017370163507075,461.68972187679464,666.5923620323921,True,False
SPMDAT1,ScaledConsensus,0.9,4,1.0143282540142344,573.3094901904477,699.4488916937006,True,False
TMN,ScaledConsensus,0.9,4,1.0255925798985677,305.41250508798134,887.979473657227,True,True
DROPPRy,ScaledConsensus,0.9,0,1.0152425767976663,888.4211154870643,738.3674252637243,True,False
DRTPPD,ScaledConsensus,0.9,0,1.0152425767976663,888.4211154870643,738.3674252637243,True,False
GK2,ScaledConsensus,0.9,1,1.0200087855903002,1208.8879128905085,953.7225325035602,True,False
HMPK1,ScaledConsensus,0.9,2,1.0131070675598493,624.1590239726052,1279.8209778010087,True,False
POLYAO,ScaledConsensus,0.9,4,1.017370163507075,461.68972187679464,666.5923620323921,True,False
RNTR1,ScaledConsensus,0.9,1,1.0200087855903002,1208.8879128905085,953.7225325035602,True,False
XAND,ScaledConsensus,0.9,4,1.010481299307834,607.6137485658464,467.23494607756027,True,False
URATEHO,ScaledConsensus,0.9,4,1.010481299307834,607.6137485658464,467.23494607756027,True,False
ALLTNISOR,ScaledConsensus,0.9,4,1.010481299307834,607.6137485658464,467.23494607756044,True,False
5HIURATEH,ScaledConsensus,0.9,4,1.010481299307834,607.6137485658464,467.23494607756027,True,False
OHCUREIMDZLNCAR,ScaledConsensus,0.9,4,1.010481299307834,607.6137485658464,467.23494607756027,True,False
ALLTAHr,ScaledConsensus,0.9,4,1.010481299307834,607.6137485658464,467.23494607756027,True,False
ALLTNr,ScaledConsensus,0.9,4,1.010481299307834,607.6137485658464,467.23494607756027,True,False
CYTK2,ScaledConsensus,0.9,4,1.0101099476493396,680.0026490763345,697.9409511348426,True,False
DB4PS,ScaledConsensus,0.9,0,1.0152425767976663,888.4211154870643,738.3674252637243,True,False
GK1,ScaledConsensus,0.9,1,1.0295181543922938,204.28728107848912,953.7225325035613,True,True
GTPCII,ScaledConsensus,0.9,0,1.0152425767976663,888.4211154870643,738.3674252637243,True,False
HETZK,ScaledConsensus,0.9,4,1.0255925798985677,305.41250508798134,887.979473657227,True,True
NDP3,ScaledConsensus,0.9,4,1.109720623887785,28.495325955993998,1418.884014840835,True,True
ORNDC,ScaledConsensus,0.9,4,1.0157038538031238,474.07475385107585,677.4876105587235,True,False
PMDPHT,ScaledConsensus,0.9,0,1.0152425767976663,888.4211154870643,738.3674252637243,True,False
PMPK,ScaledConsensus,0.9,4,1.0253719797785208,309.7543741598248,952.3659504354014,True,True
RBFSa,ScaledConsensus,0.9,0,1.0152425767976663,888.4211154870643,738.3674252637243,True,False
RBFSb,ScaledConsensus,0.9,0,1.0152425767976663,888.4211154870643,738.3674252637243,True,False
RNDR1,ScaledConsensus,0.9,1,1.0209236910405366,1410.9189948769713,1882.1741104856455,True,False
SPMS,ScaledConsensus,0.9,4,1.0157038538031238,474.07475385107585,677.4876105587235,True,False
THMP,ScaledConsensus,0.9,4,1.0290233121027936,243.31783636311388,942.2763537353569,True,True
TMPPP,ScaledConsensus,0.9,4,1.0253719797785208,309.7543741598248,952.3659504354014,True,True
UGLYCHr,ScaledConsensus,0.9,4,1.010481299307834,607.6137485658464,467.23494607756027,True,False
POLYAO3,ScaledConsensus,0.9,3,1.0133977006159935,1009.9131254019704,855.5200100144777,True,False
RIBFLVt2,ScaledConsensus,0.9,0,1.0154707163003747,960.8670993701446,778.6980394313307,True,False
ACP1e,ScaledConsensus,0.9,0,1.0154707916599566,960.8670257082468,778.6980394313307,True,False
AABTN,ScaledConsensus,1.9,2,1.0102475587955018,1552.3674745677927,1565.0865992271608,True,False
APRTO2,ScaledConsensus,1.9,2,1.0102475587955018,1552.3674745677927,1565.0865992271608,True,False
NABTNO,ScaledConsensus,1.9,2,1.0102475587955018,1552.3674745677927,1565.0865992271608,True,False
MTAP,ScaledConsensus,1.9,0,1.013776746580799,1530.226058702643,1889.625899236589,True,False
POLYAO,ScaledConsensus,1.9,2,1.0102475587955018,1552.3674745677927,1565.0865992271608,True,False
DKMPPDb,ScaledConsensus,1.9,0,1.013776746580799,1530.226058702643,1889.625899236589,True,False
DKMPPDa,ScaledConsensus,1.9,0,1.013776746580799,1530.226058702643,1889.625899236589,True,False
ADMDC,ScaledConsensus,1.9,0,1.013776746580799,1530.226058702643,1889.625899236589,True,False
MDRPD,ScaledConsensus,1.9,0,1.013776746580799,1530.226058702643,1889.625899236589,True,False
MTRI,ScaledConsensus,1.9,0,1.013776746580799,1530.226058702643,1889.625899236589,True,False
UNK3,ScaledConsensus,1.9,0,1.013776746580799,1530.226058702643,1889.625899236589,True,False
ALDD22x,ScaledConsensus,1.9,0,1.013776746580799,1530.226058702643,1889.625899236589,True,False
E4PDH,ScaledConsensus,5.9,2,1.0103687747960386,911.4132357155906,814.5527465208708,True,False
PDX5PSYN,ScaledConsensus,5.9,2,1.0103687747960386,911.4132357155906,814.5527465208708,True,False
GLCt1,ScaledConsensus,5.9,4,1.3000358828769987,10.979402288563263,722.3029841376563,True,True
OHPBAT,ScaledConsensus,5.9,2,1.0103687747960386,911.4132357155906,814.5527465208708,True,False
PDX5PO,ScaledConsensus,5.9,2,1.0103687747960386,911.4132357155906,814.5527465208708,True,False
HEX1,ScaledConsensus,5.9,4,1.3000358828769987,10.979402288563263,722.3029841376563,True,True
Ex_glc_D,ScaledConsensus,5.9,4,1.3000358828769987,10.979402288563266,767.3292055577781,True,True
SHSL1,ScaledConsensus,7.9,0,1.010975721670898,1061.729476521388,2239.144511438934,True,False
SHSL4r,ScaledConsensus,7.9,0,1.010975721670898,1061.7294765213894,2239.1445114389335,True,False
GLCt1,ScaledConsensus,7.9,4,1.078394022549736,48.07908195564511,639.6654382791749,True,True
SLFAT,ScaledConsensus,7.9,2,1.0141688409113312,764.6909872990118,1003.5689956218422,True,False
TRDOXtp,ScaledConsensus,7.9,0,1.0121559708214378,880.461233524438,1287.6028058023965,True,False
TRDRDtp,ScaledConsensus,7.9,0,1.0121559708214378,880.4612335244383,1287.6028058023965,True,False
THIORDXp,ScaledConsensus,7.9,0,1.0121559708214378,880.4612335244383,1287.6028058023965,True,False
FRDO,ScaledConsensus,7.9,2,1.0141688409113312,764.6909872990115,1003.5689956218422,True,False
SO3FDXRD,ScaledConsensus,7.9,2,1.0141688409113312,764.6909872990118,1003.5689956218422,True,False
CYSTH2SS,ScaledConsensus,7.9,0,1.0128018330394846,925.284186001743,1894.8800098275185,True,False
ADSK,ScaledConsensus,7.9,2,1.0141688409113312,764.6909872990118,1003.5689956218422,True,False
HEX1,ScaledConsensus,7.9,4,1.078394022549736,48.07908195564511,639.6654382791749,True,True
PAPSR,ScaledConsensus,7.9,2,1.0141688409113312,764.6909872990118,1003.5689956218422,True,False
PPND2,ScaledConsensus,7.9,1,1.0109351336176613,957.9306707724681,1161.7479586036388,True,False
SO4ti,ScaledConsensus,7.9,2,1.0141688409113312,764.6909872990118,1003.5689956218422,True,False
Ex_glc_D,ScaledConsensus,7.9,4,1.0783940225497362,48.07908195564514,645.211581155364,True,True
Ex_so4,ScaledConsensus,7.9,2,1.0141688409113312,764.6909872990115,1003.5689956218422,True,False
rvHHVAA,ScaledConsensus,7.9,4,1.0182511573785733,629.7257839009326,945.697669895274,True,False
Ex_vHHV,ScaledConsensus,7.9,4,1.0182511573785733,629.7257839009326,945.697669895274,True,False
PYDXS,ScaledConsensus,9.9,0,1.0103329455306607,740.8709102070004,470.3015813629712,True,False
FACOAL240,ScaledConsensus,9.9,1,1.0428187468710264,97.42322439945225,925.7977827281732,True,True
AHMMPS,ScaledConsensus,9.9,0,1.0102622389620317,658.0374617816864,2907.0521975615397,True,False
PYDXK,ScaledConsensus,9.9,4,1.1185897498503776,30.92478081411963,849.2580889643061,True,True
ASPt5n,ScaledConsensus,9.9,3,1.0274830818652736,814.470592908775,3980.8620733640514,True,False
PDXPHT,ScaledConsensus,9.9,4,1.1614000684173238,20.990236874711158,72.69357587920405,True,True
E4PDH,ScaledConsensus,9.9,1,1.1008671803560146,34.64595578905201,781.0804211722461,True,True
PDX5PSYN,ScaledConsensus,9.9,1,1.1008671803560146,34.64595578905201,781.0804211722461,True,True
MIP2CS324_PP,ScaledConsensus,9.9,2,1.0106594655178351,937.2725229412486,1614.5169709065226,True,False
PYMDSYN,ScaledConsensus,9.9,0,1.011479802888879,676.9429992620385,375.37872328609876,True,False
34HPLFM,ScaledConsensus,9.9,4,1.014065739456535,649.3835004325217,768.5675915124409,True,False
34HPPt2m,ScaledConsensus,9.9,4,1.014065739456535,649.3835004325217,768.5675915124409,True,False
4HBZCOAFm,ScaledConsensus,9.9,4,1.014065739456535,649.3835004325217,768.5675915124409,True,False
4HBZFm,ScaledConsensus,9.9,4,1.014065739456535,649.3835004325217,768.5675915124409,True,False
ADK1,ScaledConsensus,9.9,1,1.01510069489065,908.868028696956,842.7121240139674,True,False
ASPt2n,ScaledConsensus,9.9,3,1.0274830818652736,814.470592908775,3980.8620733640514,True,False
CO2tn,ScaledConsensus,9.9,3,1.0274830818652736,814.470592908775,3980.8620733640514,True,False
COUCOAFm,ScaledConsensus,9.9,4,1.014065739456535,649.3835004325217,768.5675915124409,True,False
GLCt1,ScaledConsensus,9.9,4,1.0814028455393454,45.10829171571304,594.8694321527872,True,True
GLYCLm,ScaledConsensus,9.9,2,1.0162714829123676,1100.3345503978217,1277.3109658687104,True,False
H2Otn,ScaledConsensus,9.9,3,1.0274830818652736,814.470592908775,3980.8620733640514,True,False
HCO3E,ScaledConsensus,9.9,3,1.0318244922274336,307.00535634933016,381.6578945358953,True,True
HCO3En,ScaledConsensus,9.9,3,1.0274830818652736,814.4705929087747,381.65789453589537,True,False
ICDHym,ScaledConsensus,9.9,1,1.0101487402755511,1394.5300995426005,1191.3112448763754,True,False
MTHFC,ScaledConsensus,9.9,1,1.012331155116161,1455.5908365846512,1900.5706545074074,True,False
MTHFCm,ScaledConsensus,9.9,2,1.0137818159003014,1080.0153696293166,1367.0800873732528,True,False
OHPBAT,ScaledConsensus,9.9,1,1.1008671803560146,34.64595578905201,781.0804211722461,True,True
PDX5PO,ScaledConsensus,9.9,2,1.0930502416973444,35.504852563507846,693.2946292664897,True,True
PYRt2m,ScaledConsensus,9.9,0,1.0115108240389041,1493.7283925733304,3249.947172470236,True,False
SUCD2_u6m,ScaledConsensus,9.9,1,1.0154413954181,1300.26086973047,2839.9848245178014,True,False
T4HCINNMFM,ScaledConsensus,9.9,4,1.014065739456535,649.3835004325217,768.5675915124409,True,False
HCO3tn,ScaledConsensus,9.9,3,1.0274830818652736,814.470592908775,3980.8620733640514,True,False
AM6SAD,ScaledConsensus,9.9,4,1.0101284070842191,1260.819001589935,3571.149125105901,True,False
AMCOXO,ScaledConsensus,9.9,4,1.0101284070842191,1260.819001589935,3571.149125105901,True,False
FTHFDHm,ScaledConsensus,9.9,2,1.0153708580216896,1068.3634728293787,1027.710097796319,True,False
GLYtm,ScaledConsensus,9.9,1,1.0103103533960391,1310.3978338821623,1872.1396157825284,True,False
NADDP,ScaledConsensus,9.9,0,1.0469484931987183,124.76284857596083,1272.2009865996768,True,True
PCLAD,ScaledConsensus,9.9,4,1.0101284070842191,1260.819001589935,3571.149125105901,True,False
PDHa1,ScaledConsensus,9.9,1,1.0157558562194369,1301.505678418323,2729.261174474582,True,False
PDHa2,ScaledConsensus,9.9,1,1.0157581205549815,1299.6642431924154,2768.6345352217363,True,False
PPNCL3,ScaledConsensus,9.9,4,1.0149696285737777,582.4515096918964,692.7383403589128,True,False
AKGDH1,ScaledConsensus,9.9,0,1.0156819631722618,1295.7665596560907,2805.2464811921996,True,False
PDHbrm,ScaledConsensus,9.9,1,1.0157581205549815,1299.6642431924154,2768.6345352217363,True,False
AKGDH2,ScaledConsensus,9.9,0,1.0156819631722618,1295.7665596560907,2805.2464811921996,True,False
CERASE224,ScaledConsensus,9.9,1,1.036428529922101,112.21716308660835,1138.1323870331767,True,True
MALSUCCtm,ScaledConsensus,9.9,0,1.015681986010538,1295.7692740373084,2805.2464811921996,True,False
NADPPPS,ScaledConsensus,9.9,3,1.01112326102449,726.2384431286098,1688.1040288266672,True,False
ACONTm,ScaledConsensus,9.9,4,1.0108101932805875,1062.0086672163836,999.8611769137333,True,False
AKGDbm,ScaledConsensus,9.9,0,1.0156819631722618,1295.7665596560907,2805.2464811921996,True,False
ASPTA,ScaledConsensus,9.9,4,1.013346304845572,960.8642726132623,864.4971605823355,True,False
CITtcm,ScaledConsensus,9.9,4,1.0115310278072462,1317.4063921433083,3510.9398517136888,True,False
CO2tm,ScaledConsensus,9.9,0,1.0116187328638815,1518.4786609709495,3087.6388403640667,True,False
CSm,ScaledConsensus,9.9,1,1.0154582248134596,1318.0864471509153,2875.8525371332144,True,False
ENO,ScaledConsensus,9.9,1,1.015228808493301,1374.0611561900525,2995.3115007042793,True,False
FTHFLi,ScaledConsensus,9.9,3,1.013406127007259,1185.257217027367,1266.0990113038802,True,False
FUM,ScaledConsensus,9.9,1,1.015479417198018,1294.7712657522682,2826.9205946277207,True,False
GHMT2r,ScaledConsensus,9.9,1,1.0125265230752134,1418.6108625971808,1876.6192461677654,True,False
GLUDyi,ScaledConsensus,9.9,2,1.0173220097869753,926.9070929000188,1641.134890802071,True,False
HEX1,ScaledConsensus,9.9,3,1.0816321247421663,44.878884582223364,594.5862294253794,True,True
GCALDD,ScaledConsensus,9.9,0,1.0105510024115476,634.7424873235937,2907.0521975615397,True,False
GLYCLTDy,ScaledConsensus,9.9,0,1.0105510024115476,634.7424873235937,2907.0521975615397,True,False
ME1m,ScaledConsensus,9.9,1,1.012086533872749,2918.867493385718,1766.1742573739853,True,False
MTHFD,ScaledConsensus,9.9,1,1.01216334152252,1463.6430690121856,1888.1809389908901,True,False
MTHFDm,ScaledConsensus,9.9,2,1.0137818159003014,1080.0153696293166,1367.0800873732528,True,False
NADK,ScaledConsensus,9.9,3,1.0111123328277192,727.3801823578631,1656.581662675075,True,False
NH4tm,ScaledConsensus,9.9,2,1.0162727919757617,1098.8248735039638,3102.206732760518,True,False
NMNAT,ScaledConsensus,9.9,0,1.0298009582139152,212.76682859456042,1263.142129235984,True,True
PDHcm,ScaledConsensus,9.9,0,1.0156351783881326,1315.8368541474583,2870.541056334535,True,False
PGCD,ScaledConsensus,9.9,2,1.0165091185291966,1022.6578608305258,2021.751490018494,True,False
PGM,ScaledConsensus,9.9,1,1.015228808493301,1374.0611561900525,2995.3115007042793,True,False
PSERT,ScaledConsensus,9.9,2,1.0165091185291966,1022.6578608305258,2021.751490018494,True,False
PSP_L,ScaledConsensus,9.9,2,1.0165091185291966,1022.6578608305258,2021.751490018494,True,False
PYK,ScaledConsensus,9.9,1,1.0152197778398746,1371.8864587454016,2934.521212040616,True,False
SUCFUMtm,ScaledConsensus,9.9,1,1.0154413954181,1300.26086973047,2839.9848245178014,True,False
SUCOASm,ScaledConsensus,9.9,0,1.015681986010538,1295.7692740373084,2805.246481192198,True,False
Ex_glc_D,ScaledConsensus,9.9,4,1.0814028455393454,45.10829171571304,580.2659671376358,True,True
rvHHVAA,ScaledConsensus,9.9,4,1.0169553295573748,442.79404921824425,578.2707403603308,True,False
Ex_vHHV,ScaledConsensus,9.9,4,1.0169553295573748,442.79404921824425,578.2707403603308,True,False
MIP2C324PLC_PP,ScaledConsensus,9.9,2,1.0102636637710207,955.8645041283758,1617.3873439953659,True,False
GLCt1,ScaledConsensus,13.9,4,1.1854117320889836,16.531746414731906,862.3497158040487,True,True
HEX1,ScaledConsensus,13.9,4,1.1854117320889836,16.531746414731906,862.3497158040487,True,True
Ex_glc_D,ScaledConsensus,13.9,4,1.1854117320889836,16.531746414731906,840.1755163486932,True,True
SK_glycogen_c,ScaledConsensus,13.9,2,1.3462523233576074,9.699039143105749,45.958010466490336,True,True
FACOAL260,ScaledConsensus,16.9,3,1.0210192202408626,664.161411689861,1311.7417293709348,True,False
CERASE126,ScaledConsensus,16.9,2,1.0267458102489375,201.8305507592199,1580.7411211821368,True,True
PYDXS,ScaledConsensus,16.9,0,1.0133579374594728,1399.684165061437,1588.957278228381,True,False
FACOAL240,ScaledConsensus,16.9,2,1.0105775431318464,1187.0053192958528,2007.1563908647622,True,False
PYDXK,ScaledConsensus,16.9,2,1.0824462580136505,39.38077099754815,1407.40873101337,True,True
ASPt5n,ScaledConsensus,16.9,1,1.0134135138239553,1629.4397324499523,4514.427167734075,True,False
PDXPHT,ScaledConsensus,16.9,4,1.1028805133627189,28.52772371658559,2242.7324967336694,True,True
E4PDH,ScaledConsensus,16.9,1,1.0376440498165325,117.95969257410667,1732.175022470987,True,True
PDX5PSYN,ScaledConsensus,16.9,1,1.0376440498165325,117.95969257410667,1732.175022470987,True,True
ASPt2n,ScaledConsensus,16.9,1,1.0134135138239553,1629.4397324499523,4514.427167734075,True,False
CO2tn,ScaledConsensus,16.9,1,1.0134839505731714,1624.1129816155064,4514.427167734075,True,False
GLCt1,ScaledConsensus,16.9,4,1.203879060921875,14.69762712482465,925.4691276609637,True,True
H2Otn,ScaledConsensus,16.9,1,1.0134135138239553,1629.4397324499523,4514.427167734075,True,False
HCO3E,ScaledConsensus,16.9,1,1.0139005031591217,1316.1302965733832,746.4309102931182,True,False
HCO3En,ScaledConsensus,16.9,1,1.0134839505731714,1624.1129816155033,746.4309102931182,True,False
OHPBAT,ScaledConsensus,16.9,1,1.0376440498165325,117.95969257410667,1732.175022470987,True,True
PDX5PO,ScaledConsensus,16.9,2,1.0299172912495846,478.1352730928193,1403.099434150722,True,False
HCO3tn,ScaledConsensus,16.9,1,1.0137961278072871,1598.4232244605432,2504.0128205127685,True,False
CERS126,ScaledConsensus,16.9,2,1.022803016093134,287.01426768180283,1163.2739284673676,True,True
HEX1,ScaledConsensus,16.9,1,1.2039483935472428,14.654590023381854,847.3804521900713,True,True
Ex_glc_D,ScaledConsensus,16.9,4,1.203879060921875,14.697627124824656,902.0976780435454,True,True
SK_glycogen_c,ScaledConsensus,16.9,4,1.0400220475750792,145.22388980568277,930.9231645624453,True,True
GLCt1,ScaledConsensus,19.9,3,1.0614163380122188,73.28359306144313,1242.1356516790654,True,True
GUAPRT,ScaledConsensus,19.9,0,1.0331092491764384,230.3570293475691,1382.8249148758682,True,True
HEX1,ScaledConsensus,19.9,3,1.0614142722791011,73.28668612561586,1242.1356516790654,True,True
Ex_glc_D,ScaledConsensus,19.9,3,1.0614163380122188,73.28359306144313,1204.8224584720422,True,True
SK_glycogen_c,ScaledConsensus,19.9,2,1.3369767221347204,9.843626023249026,269.6257778519793,True,True
MI145PP,ScaledConsensus,23.9,0,1.0262214682887216,221.50022609509207,2434.429621497017,True,True
MI14PP,ScaledConsensus,23.9,0,1.0262214682887216,221.50022609509207,2434.429621497017,True,True
MI4PP,ScaledConsensus,23.9,0,1.0262214682887216,221.50022609509207,2434.429621497017,True,True
PI45BPP_PP,ScaledConsensus,23.9,0,1.0262214682887216,221.50022609509207,2434.429621497017,True,True
PIN4K_PP,ScaledConsensus,23.9,0,1.0273101768576312,166.4031866841995,2363.560067615,True,True
PI4P5K_PP,ScaledConsensus,23.9,0,1.0238951485417216,227.47804027057535,2494.0446705171225,True,True
SK_glycogen_c,ScaledConsensus,23.9,2,1.4304313992907132,8.381282841503154,59.28981851584278,True,True
GLCt1,ScaledConsensus,27.9,1,1.2357250924905057,13.499168123995778,220.03773442931399,True,True
HEX1,ScaledConsensus,27.9,1,1.2332686838688454,13.61568497981819,186.97812883757513,True,True
Ex_glc_D,ScaledConsensus,27.9,1,1.2357250924905057,13.499168123995773,350.4234911477065,True,True
