,,,G6PDH2,G6PDH2,PGI,PGI,PGMT,PGMT,TRE6PS,TRE6PS,PFK,PFK,PYK,PYK,PC,PC,PDHa1,PDHa1,CSm,CSm,ASPTA,ASPTA,ASPTAm,ASPTAm,AKGMALtm,AKGMALtm,ASPGLU2m,ASPGLU2m,MDH,MDH,MDHm,MDHm,ME1m,ME1m,Ex_nh4,Ex_nh4
,,,0.025,0.975,0.025,0.975,0.025,0.975,0.025,0.975,0.025,0.975,0.025,0.975,0.025,0.975,0.025,0.975,0.025,0.975,0.025,0.975,0.025,0.975,0.025,0.975,0.025,0.975,0.025,0.975,0.025,0.975,0.025,0.975,0.025,0.975
Equation,Time,Growth Rate,,,,,,,,,,,,,,,,,,,,,,,,,,,,,,,,,,
ScaledConsensus,C0.1,0.1,0.44266171466196425,0.4664984427664133,0.3451462569255219,0.369009524700054,-0.1877938066425678,-0.18716383958736643,0.0008478827989473877,0.0008507366527216334,0.5785272443903907,0.586586102201168,1.1486508578536858,1.1808319167516452,0.3658882302800451,0.38897358680131905,0.6580012668980394,0.6912800397677793,0.5275144243672445,0.5605916838457541,0.0,0.6659787994855282,-0.9542089932533148,-0.7986400010122165,0.9577206222244898,1.1065745364875637,0.7986400010122165,0.9542089932533147,-1.0432530204966095,-0.9024373249115067,1.3580997321071926,1.4888133370084236,0.0,0.033071317831894424,-0.6070280787725877,-0.6049924719182798
ScaledConsensus,0.0,0.025,0.35595930266705816,0.47897890414394145,0.3475830962402617,0.4705410934255215,-0.17316315126190246,-0.17249853278166982,0.0007814465610007307,0.0007844573913966777,0.5953045390997113,0.6363421862514091,1.1956365583889963,1.2386219834407748,0.2202187035650611,0.35784747577205644,0.7459350883349335,0.7890551355015629,0.6255999779626011,0.6675959005180613,-0.06105636360087611,0.045705000016965626,-0.30945581764740987,-0.1318098902667372,0.2677118253303073,0.44849758320774724,0.13180989026673717,0.30945581764740965,-0.3678355347756148,-0.21340016776586523,0.7961466501667118,0.9519736048631559,0.0,0.02337036508491011,-0.5607397435477101,-0.5585954213525008
ScaledConsensus,0.9,0.013,0.3853137082893361,0.42505275034816586,0.4136933776600965,0.4533715191434041,-0.1608644182531792,-0.16013397156132597,0.0007254330767808379,0.0007287421197398616,0.6305310324187634,0.6438408139589405,1.2649793360534076,1.2935945360670327,0.3175118308409835,0.3340364799188078,0.8437296505758318,0.8729990068949556,0.7319645409945172,0.7613255357471314,0.0,0.2276048499858405,-0.4762285774755538,-0.27244565944911453,0.4081085566711734,0.6081604135446637,0.27244565944911453,0.47622857747555375,-0.5405122822055163,-0.35799294744995497,1.0274169071943575,1.2139191933153253,0.0,0.02863219673020424,-0.5221956589058662,-0.5198675812535628
ScaledConsensus,1.9,0.0073,0.35022918150377635,0.38764540009296755,0.46434129133322305,0.502059306580983,-0.14760477428290353,-0.1468376935856619,0.0006651987633021057,0.0006686737642960459,0.6617902680871038,0.6744854549408009,1.3241715922813881,1.354873958114998,0.2960582787798468,0.3069365722059131,0.9373885138260255,0.9687412424932549,0.8346958241972506,0.8662829853278224,0.0,0.5410927135472788,-0.7850376643367866,-0.5609155971361279,0.6866726318341049,0.9061954711376873,0.5609155971361279,0.7850376643367862,-0.8408257175873447,-0.6417218474295271,1.4217922006160342,1.6285089111627558,0.0,0.026512705120032308,-0.4801063276022719,-0.47762832768525515
ScaledConsensus,5.9,0.0022,0.23348234192192194,0.25830074877366765,0.6430932217727611,0.6681799866106661,-0.09887847090095443,-0.09776897981979654,0.00044290946607314244,0.0004479356420982404,0.774579296770554,0.7832170837577727,1.5497762746330963,1.5695535800675415,0.19235354969368718,0.20553970196617896,1.2911321233932416,1.3118934924834722,1.2225171027237314,1.2436065203427413,0.0,0.991180721986099,-1.167343753403769,-0.9391728284459271,1.0231715429387493,1.2478777037582898,0.9391728284459271,1.1673437534037687,-1.2065590294848798,-0.9929757810012053,2.181849789628537,2.392803228200948,0.0,0.01769634944133318,-0.3224905704851911,-0.31887209998426397
ScaledConsensus,7.9,0.0017,0.204226642369891,0.22445020551372896,0.6903654057317633,0.7106273706830794,-0.08489857397795028,-0.08464674436274902,0.00038346359366372046,0.00038460442300054874,0.8048600927029633,0.8116116080444203,1.6103159709339558,1.6262018516582182,0.16994173037346913,0.17689771236051324,1.3872244394274582,1.403335341549674,1.3281367767781442,1.3441451760371963,0.0,1.0735741051327103,-1.2096902137345067,-1.097562506049155,1.1699682500722133,1.2805984985769965,1.097562506049155,1.2096902137345067,-1.2398960698369481,-1.1417907920115682,2.4407485301841922,2.543085655100289,0.0,0.015297588763114144,-0.2769248699845457,-0.27591377985937604
ScaledConsensus,9.9,0.0014,0.18050968316612154,0.19849933488619428,0.7255240762379696,0.7435559166139095,-0.07570322797123835,-0.07546343201523269,0.00034186168704550523,0.0003429480019383957,0.8265329988485272,0.8325582684727266,1.6525403041847975,1.667076299353231,0.14827463383784503,0.15778698375494865,1.4534143786785427,1.4681612471120877,1.4006485617680366,1.4154202277158123,0.0,1.1568338167766747,-1.2743972034808049,-1.1821642515603346,1.2468090016839926,1.3355601584697288,1.1821642515603346,1.2743972034808049,-1.3009590279194325,-1.2242908752785469,2.596735930180377,2.6774713591761823,0.0,0.013583180025668495,-0.24720414433470078,-0.24622739893832496
ScaledConsensus,13.9,0.001,0.15562837357254017,0.17489343886603134,0.7714892177764812,0.7907657521377363,-0.053468542637887174,-0.05318788452392536,0.00028954525022001414,0.0002908277217048967,0.8614841381790497,0.8679237885954174,1.724478255350587,1.7386931580101455,0.12585477430682038,0.13393865695498017,1.5553159861349135,1.5696346959056815,1.5105571904406885,1.5248769770678998,0.0,1.3447421268414417,-1.4497429347661284,-1.3398499837483213,1.3947729349087312,1.5033919187171672,1.3398499837483213,1.4497429347661281,-1.470898850429281,-1.3731972276661466,2.8611900160597923,2.962401686771497,0.0,0.011546875719532624,-0.21039283031279968,-0.20940869322986916
ScaledConsensus,16.9,0.00083,0.13867351528725505,0.15470425109066777,0.805312753914517,0.8213550931300019,-0.03993207706348083,-0.0395976317376019,0.0002607026451064827,0.00026221773712226023,0.8844039759224354,0.8898599528628175,1.7696496683611753,1.7811552918870077,0.1147769923270659,0.12108805048592634,1.6169405117554407,1.628642929006927,1.57657844012435,1.588322102079128,0.0,1.4033751364352516,-1.505558764321668,-1.4116323240858215,1.461787153068987,1.5556937718752348,1.4116323240858215,1.5055587643216672,-1.5266508858327918,-1.4437520910862573,2.99939276903489,3.0851148225640617,0.0,0.010486499472891517,-0.19033846142599856,-0.18921475590292147
ScaledConsensus,19.9,0.00071,0.12514617972481587,0.13997528734756529,0.828085501625003,0.8429334280047092,-0.03202030584216627,-0.03160836858184428,0.00023432946154099035,0.00023619554092018348,0.8997209841703344,0.9047739143868437,1.7995478259793602,1.8107394980375586,0.10228153111931225,0.10911333651530808,1.661655729128691,1.6732879373416252,1.6252230729071986,1.6369777312762417,0.0,1.4901460457671287,-1.5930035322577865,-1.480688474779386,1.5253401500451402,1.6380525124000849,1.480688474779386,1.5930035322577865,-1.6145440611103716,-1.5089213054869217,3.1171974938474247,3.2223720286862703,0.0,0.00946284934589496,-0.1722477448187716,-0.17072504568858166
ScaledConsensus,23.9,0.00059,0.10790432166001906,0.21743239825813362,0.7490855421692095,0.858853939761567,-0.033462437496939945,-0.032951838839836205,0.00020118922765285403,0.00020350232306422402,0.8756665099411651,0.9122071655611054,1.7791946713841018,1.8248561304568622,0.045806466868414074,0.09474096382930719,1.6659548770690482,1.7057670869292014,1.6346673870582409,1.6744642250822543,0.0,1.7879521151249247,-1.8380306545324496,-1.539488223042122,1.578355517218633,1.8740817221003332,1.539488223042122,1.8380306545324496,-1.8579758754857874,-1.5646375673607233,3.213159751314795,3.4665647575270984,0.0,0.008245931031708061,-0.15071821971048346,-0.14834469163974176
ScaledConsensus,27.9,0.00052,0.09924620279748564,0.11079301933778707,0.8487385374362916,0.8603756040275515,-0.04069897030049725,-0.04013952665667137,0.00018183861949570238,0.00018437299068420855,0.9054705917038044,0.9095580952646478,1.8094749792706235,1.8182008061316783,0.08157260127843753,0.08780648331201431,1.6978119729427057,1.7078515407364514,1.6685679074190871,1.6791714552375403,0.0,1.6182774292984132,-1.7226563773044163,-1.562183025317229,1.5990895115731107,1.7607060716988505,1.562183025317229,1.722656377304416,-1.7436808928593341,-1.5855117248968527,3.2412544582351313,3.3935899061480668,0.0,0.0077440321170529495,-0.14315369179586168,-0.1389179106235584
Interpolated,C0.1,0.1,0.30864073241057915,0.32512517203263613,0.42455313010197954,0.4410555280443914,-0.2391080514612375,-0.2389113667716689,0.011041773184045872,0.011050863365732648,0.5635189426088917,0.5690065489829464,1.07458043494472,1.0971322459601422,0.2372029102750619,0.2583743527720525,0.7339355599658872,0.7565564893085549,0.6486936186755516,0.6713204767036024,0.8850644073609724,0.9828159575816112,-1.1598882183294499,-1.0690765930242518,1.1940810267515214,1.2844346576370966,1.0690765930242516,1.1598882183294499,-1.224115655570879,-1.1484610290705792,1.7383753006992284,1.8092664615681902,0.0,0.022634773306578277,-0.524169975988373,-0.5237289161827567
Interpolated,0.0,0.025,0.24190078024315856,0.2655349740958895,0.4594699710124428,0.4831948887298564,-0.24940448607540489,-0.2481090012819876,0.026459054540278828,0.026597208749227386,0.5662073471144403,0.5747148505650232,1.0937335596513287,1.115195234515315,0.18748548564201262,0.20533460815329052,0.8219004289067272,0.8441689511740648,0.7595335426330752,0.7818166406320404,0.0,0.8099668130530838,-1.015925227978525,-0.6869359565833028,0.7948047134110671,1.1222216455556637,0.6869359565833028,1.0159252279785245,-1.0517870794315862,-0.7471889687004399,1.4607057477287666,1.7872096344837112,0.0,0.017511787360305304,-0.44329664083924003,-0.4410568462985668
Interpolated,0.9,0.013,0.22386763216426941,0.2614512743328947,0.48560131029627046,0.5232174640453805,-0.22572260000325983,-0.2242366338892065,0.028341155800237116,0.02852896631282742,0.5957790490369559,0.6085183033104106,1.1648066688823107,1.1861317478796984,0.17287243040578482,0.18964332145443208,0.9146227549650837,0.9366407098310782,0.8571067150787607,0.8790425020778913,0.0,0.6665439784097935,-0.8602136392397328,-0.5858353040603692,0.6850384149210016,0.9565289588909949,0.5858353040603692,0.8602136392397328,-0.8905069245027852,-0.645056212021953,1.4644613142075587,1.720185959670936,0.0,0.01647919529085921,-0.4078155933857257,-0.4053366057171383
Interpolated,1.9,0.0073,0.20382133983246056,0.2250135410896295,0.5375062604060755,0.5587444566190287,-0.20658162410812567,-0.2061399733768428,0.031009053964701834,0.031075490236791896,0.6301746106310534,0.6372826364787156,1.2300451035420774,1.248721148078507,0.163578676711703,0.17062317389310946,1.0049422508565895,1.0237240946261967,0.9531521864153021,0.9719293032170744,0.0,0.9786059075685021,-1.0944871692187912,-0.9895699691767699,1.0775536651441406,1.1799405316477705,0.9895699691767698,1.0944871692187912,-1.1376631443943637,-1.0413683444174007,1.958189636605463,2.0536384161645014,0.0,0.014550129397767732,-0.36541228901822564,-0.364646676678532
Interpolated,5.9,0.0022,0.13695059564662143,0.1530831103857232,0.693073187214206,0.709294690486575,-0.13161864450234192,-0.129785234062574,0.023574705750675596,0.023907733709903272,0.7567186432837658,0.7630461479568758,1.4961267579010005,1.5090184512141087,0.10442511689080201,0.11471846785216053,1.3457242635563258,1.3597830874801708,1.3106548151108184,1.325116766594909,0.0,0.9092566963247366,-1.0434959643649844,-0.8008550088421894,0.859060950434713,1.1033820033012993,0.8008550088421894,1.0434959643649835,-1.069184332698003,-0.8345637366623078,2.125556293497511,2.353995515393747,0.0,0.00994554687677119,-0.24311713942646773,-0.23969678056554788
Interpolated,7.9,0.0017,0.11990442005497837,0.14738956702966943,0.7183115361715043,0.745914910586619,-0.114869778167723,-0.11377541294619264,0.020077582517642422,0.020270701641280364,0.7843160126505956,0.7935407436074345,1.5581527858325854,1.5731602099035114,0.08993774193323326,0.09845790879525651,1.4293806787865238,1.4447871007294595,1.3992568547243611,1.4147794558471747,0.0,1.0693257086634704,-1.1826873309672834,-0.9682190526664439,1.0181007837982836,1.2321113722717756,0.9682190526664439,1.1826873309672832,-1.1917093048391099,-0.9945579972314129,2.3803700594346853,2.5842665898733768,0.0,0.008413033217689103,-0.2076406931045167,-0.2055876086305311
Interpolated,9.9,0.0014,0.106134996445872,0.14807019850393988,0.7314632912984436,0.7732016785007771,-0.10510150387438688,-0.10264047606139057,0.017613686838195832,0.01803600853266563,0.8016091322904829,0.8155156529877675,1.6031588438996442,1.6187203299510724,0.08255911137485185,0.08877017728197127,1.4878748102729513,1.5048535569453916,1.4606928484715966,1.4782071954206746,0.0,1.326960978526151,-1.414769489347742,-1.080631383984657,1.1242911132497626,1.4595016206559572,1.080631383984657,1.4147694893477418,-1.4245363903411092,-1.1041665346896588,2.5586101578401585,2.876172690620524,0.0,0.007535673189918195,-0.1862355437890813,-0.18186304057603345
Interpolated,13.9,0.001,0.08846885717069602,0.10475593618155993,0.7967604761422433,0.8130821041652068,-0.08573421303144775,-0.08524774159811745,0.013053644897159648,0.013128136317392725,0.8430688667830469,0.8487053756899879,1.6787284378241096,1.6875235336460512,0.06892001938125895,0.07262037078954392,1.5842298331898983,1.593308432047739,1.5620784953000502,1.5711752747560899,0.0,1.2838028363986065,-1.3580450951403222,-1.247040269382172,1.2824526722790106,1.3936153371115654,1.247040269382172,1.3580450951403222,-1.3634522901323853,-1.2668366444859502,2.8174069988621424,2.9228397001208015,0.0,0.006215533650154569,-0.15060186416784546,-0.1497211769644148
Interpolated,16.9,0.00083,0.07860125107026823,0.09302840056697033,0.8217116561668735,0.8361131686661329,-0.07478850526309169,-0.07409435228598736,0.010990910001141909,0.011093867135655971,0.8629316818073106,0.8680477491225822,1.7189154088314167,1.727527670299206,0.05942467340448204,0.06502637415398142,1.6346703391008899,1.6436060845055365,1.614087100262279,1.623131503989883,0.0,1.3894979062780675,-1.464284451949252,-1.340984359616705,1.3727192295683472,1.497008001916503,1.340984359616705,1.4642844519492517,-1.475275733131253,-1.3582997923872038,2.9634988121033183,3.081279061871244,0.0,0.005661561645295733,-0.13263251524221548,-0.1313147709126954
Interpolated,19.9,0.00071,0.07208011890878747,0.08363511383088615,0.8415961819321076,0.8532259077148521,-0.06573440187211775,-0.0651545450591938,0.009342414515067232,0.009425560820183847,0.8791218713815153,0.8830991196314552,1.7525578920294551,1.7594408420236332,0.054773263913613895,0.05940728278182658,1.6765067263446505,1.6837823359168864,1.657284432101246,1.6646437673886583,0.0,1.4531177483263,-1.5126156527823869,-1.4157363336898108,1.443816504662699,1.5395032714393186,1.4157363336898108,1.5126156527823869,-1.5229467996881156,-1.4319388694220971,3.080321411661988,3.171333123375758,0.0,0.005235916287666652,-0.11781375160732818,-0.11655398795972484
Interpolated,23.9,0.00059,0.0655885856129111,0.07673157274203043,0.8573503030329704,0.8685204749081271,-0.05823904897395372,-0.057508435490085504,0.008229377284478437,0.008333927059770367,0.8923268008054196,0.8962271031341453,1.778921963234161,1.7863600565989177,0.04901875475934507,0.05350758077418677,1.7098852835301512,1.7180395431853772,1.6916627069658665,1.7000768760929976,0.0,1.5583820519837777,-1.6201455327990835,-1.4936171078652076,1.5173793834248428,1.6442806051764225,1.4936171078652076,1.6201455327990835,-1.624039514722445,-1.5066347409934762,3.192334918402958,3.3113449920616826,0.0,0.004851287314309915,-0.10498649412847116,-0.10313019918964211
Interpolated,27.9,0.00052,0.06649911285386023,0.07936678397258864,0.857983423203999,0.8708427514576816,-0.055208110135633766,-0.054689803318263217,0.00771797770807913,0.007791122612973596,0.8954460681263854,0.8998536246734995,1.786360778285323,1.793658202087608,0.04864333974525782,0.05349809230696102,1.717465115204854,1.7255148559177669,1.6989419822832628,1.7071107348375172,0.0,1.5770984914324744,-1.6275812473385254,-1.5260675692374532,1.5500346804691576,1.6513529504973976,1.5260675692374532,1.6275812473385254,-1.6331749518144076,-1.5376238101283233,3.2320073488423198,3.3269458283584497,0.0,0.005034185575617294,-0.1039044367408099,-0.10148806801774422
Fitted,C0.1,0.1,0.30619961091313797,0.32129403502735787,0.428437490650525,0.4435484212518435,-0.23908786083471226,-0.23889673555164984,0.011041096972549366,0.011049930214993326,0.5648216978716183,0.5698817343174413,1.0759178108756562,1.1014990093935637,0.2372198638016976,0.4352320869117754,0.7352860500463397,0.7612130973426031,0.650028691512754,0.6756576246340622,0.0,0.966609128413831,-1.1434405215928505,-0.7484320292842817,1.0491532437996158,1.2705427285013429,0.7484320292842805,1.1434405215928505,-1.209360280002082,-1.0025228098299954,1.4225986488244544,1.7977055487498212,0.0,0.14165866448267028,-0.5242167529746853,-0.523796638504966
Fitted,0.0,0.025,0.2424863077123222,0.27758778061849687,0.44736984947062775,0.4825599802277068,-0.24993145216900992,-0.24812420813261957,0.026460676242386273,0.026653405922806444,0.5624272189741935,0.5744542132301236,1.0899015039232243,1.1151897353162237,0.18751494790138734,0.20534558021930058,0.817677323516852,0.8440590634433651,0.7549575898659334,0.7817080054987807,0.0,0.8689959583970025,-1.0356574283693754,-0.6926111328201274,0.8011177666221365,1.144292967825437,0.6926111328201274,1.0356574283693751,-1.084903088349567,-0.7559741443941532,1.4709318276216488,1.7966277807909474,0.0,0.01750770324932869,-0.44421786831789634,-0.4411268985587278
Fitted,0.9,0.013,0.21717387900316695,0.2824383384143197,0.4600803014773276,0.5255866613613874,-0.22728736704650776,-0.22396167005572723,0.033050332434994084,0.033541110125194395,0.5850624406978803,0.6070134482461297,1.1531895234746006,1.1831284108500244,0.1705335344162528,0.1871123894738242,0.9058510956231652,0.9390581222180449,0.8502853926410652,0.8845188548074419,0.0,0.9276952062780539,-1.0878402106634693,-0.5521387592893688,0.6502696518404818,1.2138105236520078,0.5521387592893686,1.087840210663469,-1.1062699450511784,-0.6098607602906518,1.4313277590363955,1.9432319398874065,0.0,0.015488554380718517,-0.4060625501387189,-0.40042052639739856
Fitted,1.9,0.0073,0.20028338785361216,0.2161878708847274,0.5454307061381861,0.5612825692640444,-0.20468436172567697,-0.20395721812192316,0.03408439629355901,0.03420591320274658,0.6315062343167844,0.6368953113947364,1.2294830484067314,1.2467513438027147,0.15600241169829554,0.16975651978894127,1.006947461030431,1.0246160330742755,0.9581262947713243,0.9757148381224218,0.0,0.9769710515289565,-1.0925571838776638,-0.9741275715237576,1.0636781495978507,1.1814202912314773,0.9741275715237576,1.0925571838776638,-1.134763808841796,-1.0261845112616834,1.9471910848194371,2.056980226091577,0.0,0.013543927188954925,-0.36682363084805547,-0.36561885988909026
Fitted,5.9,0.0022,0.13500923090830022,0.1603049433053017,0.6829456632536621,0.7082157381502462,-0.13294191885876952,-0.13247767675354355,0.023949299623915083,0.024033225259905654,0.7520077652603174,0.7604428098431415,1.4911142150920167,1.505517879638314,0.10228980271638945,0.11157821351559699,1.3460343049815082,1.3606131380191713,1.3138483163415073,1.328324196152713,0.0,0.8510476552002006,-0.9349290910521991,-0.8053803489406361,0.8629857046692867,0.9921288679200901,0.8053803489406361,0.9349290910521991,-0.9473787990891378,-0.8360528303299289,2.131599288846252,2.250995141289049,0.0,0.00913986285294516,-0.2372175590908011,-0.23623135704127396
Fitted,7.9,0.0017,0.11782247489941225,0.13169260546175526,0.7328831595311123,0.7466774900519314,-0.11653289559321331,-0.11480405961560503,0.020267589795109685,0.0205727997200419,0.7871727686694459,0.7925748933309867,1.5595710160976215,1.5725017577454594,0.08905877869777998,0.0976006693592273,1.4324278434875866,1.4462260742403465,1.4035290243861867,1.4176473144656219,0.0,1.080570895593921,-1.1733723580101834,-0.9664922282274149,1.0168346258854872,1.2245378997495515,0.9664922282274149,1.1733723580101827,-1.2017308424185498,-0.9919947807916115,2.3816819021884057,2.581218592108722,0.0,0.008009383761856377,-0.20702839565509487,-0.203901301241439
Fitted,9.9,0.0014,0.10708440656110366,0.12637052676773505,0.7534192460018613,0.7726417225941771,-0.10294717534174093,-0.10246094199010318,0.017553153259889872,0.01763645955633353,0.8084125237956824,0.8149031004530112,1.6071448984877208,1.6180223638896643,0.08002682891086171,0.08740514782934751,1.4934245123167358,1.5047739888671214,1.4674181702073459,1.478547784466813,0.0,1.1177308211986505,-1.1906909016210248,-1.0822461764761677,1.125579475333644,1.2331119477861714,1.0822461764761677,1.1906909016210248,-1.1960337936408396,-1.1048926163525032,2.5593712593789806,2.659180226178354,0.0,0.007217848908841862,-0.18244224650376514,-0.18144243375525612
Fitted,13.9,0.001,0.08948998252767547,0.10712136609249724,0.7948836498089292,0.8126218057024428,-0.08536049133174363,-0.08399850075227173,0.013545464167098318,0.01376509659416472,0.8422039705986689,0.848505120948671,1.6763938892833,1.6874693330324244,0.0671189557113479,0.07355469369098465,1.58069503538682,1.5928094181695118,1.5576533625769886,1.5700079028151765,0.0,1.3737639927158152,-1.4463070322060905,-1.2476920049954343,1.283009118376518,1.482420411653196,1.2476920049954343,1.44630703220609,-1.455993757518093,-1.2677264127676044,2.8164101181580117,3.0056187493641695,0.0,0.006258535890738014,-0.1514116664783665,-0.1490026499397525
Fitted,16.9,0.00083,0.07950678797376245,0.09682870272956912,0.8181698925826691,0.8353776496882909,-0.0746959664056707,-0.0734262994173154,0.011387841697660973,0.0115847445359736,0.8617111415854901,0.8676724102456673,1.7168886097743639,1.7270679147400432,0.05954413272449125,0.0653301779632259,1.631663420667538,1.6430017675274802,1.6105153140632644,1.6221980820299913,0.0,1.4688004889914195,-1.527166653572518,-1.3446173735490976,1.3750828568977738,1.560246981174821,1.3446173735490976,1.527166653572517,-1.5368614609000646,-1.36115347217166,2.964635193313738,3.1397174478279193,0.0,0.005659187104707759,-0.13286170931015262,-0.1305746899298499
Fitted,19.9,0.00071,0.07174761562468347,0.0844001250985259,0.8407277192773274,0.8533762398928703,-0.06550721024940098,-0.06495205337921912,0.009737953466717493,0.009821185504617767,0.8786004167388255,0.8829130093272637,1.751200217156418,1.7587136811996258,0.0541528726466118,0.05866324285726852,1.6754564398355334,1.6832614495528735,1.6561390612802223,1.6640714688889864,0.0,1.4662914296735956,-1.5260071952790584,-1.421437104896109,1.4490523415792853,1.5530861971328536,1.421437104896109,1.5260071952790584,-1.533832348736173,-1.4368334239707987,3.0848992843373884,3.1820273303933564,0.0,0.005230168391379054,-0.1168319494063753,-0.1156561194228113
Fitted,23.9,0.00059,0.06592175387002065,0.07832181119005961,0.8558040594408698,0.8681714555723375,-0.058293405944388234,-0.05746705422284894,0.008275281689436193,0.008394276709500565,0.8916640648408743,0.8960522051158146,1.7778865957170469,1.7861338967623166,0.048662388860719774,0.05326413504969684,1.708958204510568,1.717979407562446,1.6907779349017764,1.7000669778667468,0.0,1.5771223582032161,-1.6331213442766344,-1.491568657637258,1.5159489858551976,1.658076842930296,1.491568657637258,1.6331213442766344,-1.6449727749181062,-1.5045720792369652,3.1901609029191946,3.326473925904541,0.0,0.004861617539019305,-0.10491755873052425,-0.10292556569982375
Fitted,27.9,0.00052,0.06728366862930832,0.08119331033843498,0.8557757472015234,0.8698031722303801,-0.05564739532896401,-0.05510572208665249,0.007616512167435797,0.007691380269778283,0.8946030013745623,0.8994047010357707,1.7851667935442854,1.7932554428547776,0.04813649732542216,0.053056268041615055,1.7165215581047324,1.7254287682146603,1.698243278100841,1.7073127835995439,0.0,1.5931547715866465,-1.6438125873582854,-1.5261072031059415,1.550123542010843,1.6684827702712546,1.5261072031059415,1.6438125873582854,-1.6486811858018846,-1.538135692022382,3.2321676865178897,3.343410696130918,0.0,0.004993152948822672,-0.10421973650647191,-0.10151803910734469
Derived,C0.1,0.1,0.30699375571630316,0.32270031168170205,0.42700571263654274,0.44271422460399307,-0.23912234976840582,-0.23890288094599443,0.011041380994408169,0.011051524190986808,0.564328665202043,0.5695954599771815,1.0753097029153926,1.0986183971202153,0.23722840435228615,0.2586826839619503,0.7346229228627401,0.7582119469678712,0.6493841829830531,0.67278655534787,0.0,0.9663053042017254,-1.1423085040773802,-1.0483297195591184,1.1741261739052036,1.2660263867165291,1.0483297195591184,1.1423085040773802,-1.2091367690894443,-1.12890424834141,1.7205690970069594,1.7933371647322305,0.0,0.02292878315393139,-0.5242796160534771,-0.5238040734768333
Derived,0.0,0.025,0.24742599459920908,0.2726302760590429,0.4524670963410801,0.47755517276018655,-0.248709078574601,-0.24812955480120652,0.026461246426438528,0.02652304850152812,0.564418684199361,0.5727464569252306,1.0997618517112506,1.1138276132961629,0.20123579307186776,0.20527407290368077,0.8285014669938262,0.8435074618249331,0.7661642691910888,0.780348975542871,0.0,0.6917612600192727,-0.8424467321544269,-0.7080612738976251,0.8143956800063328,0.9485114861971121,0.7080612738976251,0.8424467321544268,-0.8908106043658706,-0.7685522287619683,1.4862335120609846,1.6139369277730706,0.0,0.01751679662896555,-0.44211041321802536,-0.4411260370946157
Derived,0.9,0.013,0.2058099291356175,0.23332250900726825,0.4931809971766778,0.5209713678328015,-0.21550357465500916,-0.21427634832535927,0.05830807219359286,0.058642020396398944,0.5872957156560434,0.5967629462021551,1.1496531399573355,1.1671913943587795,0.16513863948513355,0.17808356053849814,0.9214142532794007,0.9396937361446065,0.875233837481877,0.893135061210243,0.39549238960554917,0.5600966283218747,-0.6895794145001763,-0.5209854289390875,0.6169100351872916,0.7863125797186441,0.5209854289390874,0.6895794145001763,-0.7315745776539323,-0.5766148157832383,1.411070864950679,1.571115378102406,0.0,0.012576344450666518,-0.3838463789953693,-0.3817344862869876
Derived,1.9,0.0073,0.19385098199610604,0.2154088749436728,0.5365882543474941,0.5581626602928803,-0.19961523709473847,-0.19825734657293956,0.04902934293090094,0.049365151319375494,0.6228855260634454,0.6305155983291825,1.2190899876909305,1.2376200381506195,0.15338783729425026,0.16628126741417534,1.0052852167986488,1.0247431213118803,0.96031880117239,0.9796486301760468,0.0,0.8766579975350389,-0.9951287238432777,-0.847008668160819,0.9342898978060765,1.0829431139107217,0.847008668160819,0.9951287238432777,-1.0378871917544368,-0.89865419811378,1.8250856404833862,1.9605986799745367,0.0,0.01225706916943631,-0.35468857262972325,-0.35232933311142467
Derived,5.9,0.0022,0.14485300213357863,0.18312063391610175,0.6595561098120656,0.698173066163252,-0.1373645118501145,-0.13478694244233663,0.02168150287041016,0.022096124476188663,0.742737250336361,0.756392857347918,1.476196368686308,1.498829202541374,0.10754834126642511,0.11847320250060894,1.322222501877567,1.3475514333184202,1.2844293518363454,1.310076110184913,0.0,1.1007792191272914,-1.2193065500147906,-0.8032221608064669,0.8583208807146325,1.2771918306313534,0.8032221608064669,1.21930655001479,-1.226122897971975,-0.8307626791451912,2.11108571341731,2.5044971015844393,0.0,0.010129472352885787,-0.238573649977529,-0.23412478074086496
Derived,7.9,0.0017,0.13296066210443624,0.15407684894319304,0.7122444236117429,0.7334190243259756,-0.11896307747422041,-0.11814254560500628,0.015187010667702058,0.015292488556189475,0.7816104784673559,0.7887543419963324,1.5534523553407094,1.566581290530031,0.10214181726127365,0.10604251014916052,1.4168863321711942,1.4305654635736642,1.380489864863423,1.3940382406303515,0.0,1.0161239533749553,-1.115634730113562,-0.964196318732254,1.0098609055864851,1.1602342428737813,0.964196318732254,1.1156347301135618,-1.1247780949983137,-0.9887227613896769,2.357344747257803,2.4978625919677344,0.0,0.009519035879884539,-0.20405659004756568,-0.20257274957051158
Derived,9.9,0.0014,0.1264636634353553,0.14318577159828574,0.7395386156456066,0.756261127720199,-0.1065304453292821,-0.10609381442589712,0.010912257367232307,0.010957166948606177,0.8053206619868537,0.8110541440151633,1.6024656911337576,1.6142484994124986,0.09087620140071268,0.09880792155175676,1.476187879668746,1.4881519818564384,1.439725481467051,1.4516330063995913,0.0,1.0980418139163208,-1.1853433568978848,-1.0876595256092252,1.128279214140039,1.2255536377781007,1.0876595256092252,1.1853433568978848,-1.1917097786506579,-1.107465428806478,2.5383783830252975,2.62858391713772,0.0,0.009361434210597961,-0.1810829712462504,-0.1802477173921619
Derived,13.9,0.001,0.11559063775660051,0.13296586296893154,0.7770648058557427,0.7943313073464664,-0.0852808258344412,-0.08414493691631075,0.0055865887862422275,0.0056534764907528795,0.8421980334879537,0.8482234219484056,1.681804097353729,1.6934032923061668,0.08198815095036709,0.08880755402498561,1.5700659093986349,1.5823777243318051,1.5325884146890834,1.5451900295528853,0.0,1.3248392924748302,-1.3989836276161174,-1.2493888949110143,1.2818531943546696,1.4306423667289994,1.2493888949110143,1.3989836276161174,-1.4088044502173622,-1.2659036348881945,2.7932512913802046,2.9331031922952207,0.0,0.009028821563508971,-0.14646549656604294,-0.14473714569322682
Derived,16.9,0.00083,0.10824357764014372,0.12338380220217017,0.8014174311587116,0.8166056744695744,-0.07213427046721176,-0.0715292504375914,0.0033435544059920515,0.0033661619388508815,0.864281247511997,0.8696453918984725,1.7297899273067778,1.7391939069863604,0.07632592058783524,0.08249198295070148,1.6280335056959452,1.6377487831633888,1.5900877918254013,1.5998789162723537,0.0,1.3716666820799146,-1.4496335039843244,-1.3398690099268,1.3668888185211443,1.476821865888819,1.3398690099268,1.4496335039843242,-1.4539220146470824,-1.3542120490306222,2.9389423998437376,3.0425379633002465,0.0,0.008802656334720849,-0.12349015696090761,-0.12257343948245858
Derived,19.9,0.00071,0.10173023962105993,0.11479364702031057,0.8193470796441791,0.8324432071549399,-0.06440304356969026,-0.06357675133653042,0.001961679078448599,0.0019810340082175005,0.8800522040572101,0.8847147428100035,1.7634598302875535,1.7720917840651595,0.0720720036409614,0.0770341741085565,1.670346021941091,1.6795345559610408,1.6315612216927105,1.6410047635125071,0.0,1.4509139473283632,-1.5422627947914673,-1.414784319790392,1.4383114226312386,1.5656918569190725,1.414784319790392,1.5422627947914673,-1.5485623481194188,-1.4276247998534886,3.0548984711946052,3.175985711469064,0.0,0.00857456814511091,-0.10408175163599802,-0.10294357243338607
Derived,23.9,0.00059,0.09475093865450167,0.10819071150638564,0.8270175232380919,0.8405599745980161,-0.06433328009439354,-0.06348194896638129,0.00093561773948403,0.0009462491507247078,0.8874652272149345,0.8921655308550287,1.7827379981158535,1.7903324999867687,0.06643275950292767,0.07062147433965471,1.7000855577250251,1.7083702022042595,1.6606344353769218,1.6691647333991293,0.0,1.5272712428702708,-1.620922657795547,-1.4904209961124906,1.5089018237469372,1.6397561912183782,1.4904209961124903,1.620922657795547,-1.6237748703837684,-1.5012098880006715,3.1582473095986034,3.2822683943011373,0.0,0.008295911088465474,-0.08296928325098624,-0.08126223180002631
Derived,27.9,0.00052,0.08763688982209344,0.10243174273296317,0.8219189580992556,0.8367665861750495,-0.07593597251384004,-0.07490538978536011,0.00041896589591463413,0.0004247251472700123,0.8818961803543919,0.8869258697757418,1.7736780224126376,1.781515760171535,0.059960852277452084,0.06392414366430073,1.7002341410355422,1.7094897153151218,1.661116283789823,1.6708492515235673,0.0,1.586541905464252,-1.671786302182205,-1.5113155970001517,1.5280118637742006,1.688968200009074,1.5113155970001517,1.6717863021822046,-1.6720852314145072,-1.5204287251356534,3.1818308216703093,3.3334835621547283,0.0,0.0077192905703627746,-0.06820231019897588,-0.06489973182926073
Consensus,C0.1,0.1,0.4286819232206598,0.4437897595144522,0.37275274433697625,0.38785487128197815,-0.18259067990117245,-0.1824590675446101,0.0008265694122546574,0.0008271656377515493,0.5930239126305077,0.5980610597499622,1.173863503330904,1.2004301801556672,0.3562523883876584,0.3785201215087429,0.6958297860289464,0.7236510226457838,0.5688158026886254,0.5954358425720773,0.0,1.1418526221581393,-1.4154374131360523,-1.3349899216729835,1.4908700413860245,1.5679653450270885,1.3349899216729835,1.4154374131360523,-1.5034051760342217,-1.4344209599374234,1.9298424853395495,1.9866089072937847,0.0,0.03187638811067611,-0.5910706789573044,-0.5906792085069025
Consensus,0.0,0.025,0.40364684314163707,0.4224961178460831,0.4055040582951655,0.42435525994646855,-0.17127819786498955,-0.17099162876737894,0.000774620039402334,0.0007759182442751854,0.6162940828842923,0.6225695589096165,1.2230505585958855,1.249810701192964,0.33420007067023705,0.355314307587262,0.7745683681624239,0.8017811603803736,0.6554454691478055,0.6824189863166156,0.0,0.9612231658836311,-1.2211586327342276,-1.1114797501118447,1.2568482018356477,1.3597297410330949,1.1114797501118447,1.2211586327342276,-1.3026232305914216,-1.208179489736878,1.7933105544216295,1.880376552971218,0.0,0.030227824451130668,-0.5550356369694569,-0.5541517090096918
Consensus,0.9,0.013,0.37099237416044606,0.3923202021924032,0.4497786240803821,0.4711167108873005,-0.15746970769047358,-0.15692951814732298,0.0007109163788131565,0.0007133635257771129,0.6461318344255094,0.6533514621699543,1.2847482855803443,1.3100957188388038,0.3073057032015961,0.3268083485259412,0.8719108636671157,0.8978100754149203,0.7624004278146259,0.7883184935312151,0.0,1.0159960345035108,-1.259133421558708,-1.0751451513083632,1.2094855208209934,1.395728261199152,1.0751451513083632,1.2591334215587078,-1.3362292381555527,-1.1612299144261773,1.8624349726570375,2.0348549204920974,0.0,0.027749276967207224,-0.5118121325403251,-0.5101277251645027
Consensus,1.9,0.0073,0.33907190945453597,0.35051945488121367,0.5047013223974971,0.5161288280602007,-0.14409110630777935,-0.14398160182351774,0.0006522602005825322,0.0006527562738027533,0.6786392650329438,0.6824278118472917,1.3465532644251819,1.3674605963445916,0.2820618500503799,0.2999982665091195,0.9676264197476541,0.9889636562611875,0.8671687184175817,0.8881980165606267,0.0,1.348822593286628,-1.5630371604441882,-1.5008114634244982,1.6236056117323625,1.686550010648052,1.5008114634244982,1.5630371604441882,-1.6326938488535545,-1.583895229399961,2.38893104477763,2.4329837940951125,0.0,0.02557310590256402,-0.4693745200195705,-0.46904648928351655
Consensus,5.9,0.0022,0.21467075493237722,0.23884826591908048,0.6705593274323531,0.6947264552721826,-0.0906739082702555,-0.09002576634154726,0.00040783144282217947,0.0004107676317454238,0.7920904326233326,0.8004106959997395,1.5848102628425607,1.6030705599806756,0.17687409933349704,0.18851111215151764,1.3465444046810768,1.365703971020426,1.2833864021507018,1.3027341461880453,0.0,0.98953250103181,-1.1627958195076673,-0.9860031602152294,1.0638962433349417,1.239954298832999,0.9860031602152294,1.1627958195076669,-1.1975936180071323,-1.0348177416946684,2.2871999883259475,2.4505839579834867,0.0,0.016288548794346245,-0.29620902284560474,-0.29402583077972017
Consensus,7.9,0.0017,0.18676563590352213,0.21687766228289787,0.7054862406946045,0.7359119038084019,-0.07718493429040567,-0.07684954392327857,0.0003481410006503088,0.0003496603738574767,0.8183610958121941,0.8284895860364854,1.6418473971733014,1.6601614400030522,0.15102817877365543,0.16096754642656744,1.4386228894255173,1.4575164314114804,1.3845809661397652,1.4038137706363847,0.0,1.2112921865754014,-1.396689514154258,-1.1489214616802725,1.2152265356424694,1.4603140609654042,1.1489214616802725,1.3966895141542557,-1.4297946247732,-1.1888648571382423,2.5517637626740557,2.794590392292652,0.0,0.01391004262631894,-0.2521152531207229,-0.2509151383446963
Consensus,9.9,0.0014,0.16253038411906728,0.18144364748932176,0.7505322882320359,0.7694187879414517,-0.06791753917200265,-0.06762954170347592,0.0003063728829109937,0.0003076775585376669,0.8432896159598379,0.8496568917634253,1.6878205719378316,1.7011898965436612,0.1363214948794845,0.14171094800476863,1.5090335170149998,1.5226593518787963,1.4617031018042927,1.4753614035003817,0.0,1.228007199182911,-1.3381501925718504,-1.2445616671462798,1.303263098653703,1.3952070708028612,1.2445616671462798,1.3381501925718502,-1.3624582276452737,-1.281579006991657,2.7195990513709107,2.8058621014573606,0.0,0.012264755333290243,-0.22220857496848267,-0.22118041029087832
Consensus,13.9,0.001,0.1343334129251192,0.15231299675274548,0.8020012163234091,0.8200522754211396,-0.04663891877555438,-0.04521533034514976,0.0002534264285127421,0.00025987551689210883,0.8801214333940078,0.8863365734162105,1.7612106539942858,1.7739914439559816,0.11065246310422122,0.11917754692746144,1.6107455469400127,1.6257711147376,1.5706630033698237,1.5865779139055134,0.0,1.5431101432387715,-1.6490990764048092,-1.3944103792831402,1.442788171880627,1.6985215819091204,1.3944103792831402,1.6490990764048086,-1.6704103411772153,-1.4249863876801805,2.979760091304686,3.2202881524822873,0.0,0.01023377278231932,-0.1885029002254757,-0.18390811241905047
Consensus,16.9,0.00083,0.12016857137678852,0.13599166887809794,0.8321189658911282,0.8479382373221943,-0.03191603383625764,-0.031542237210053996,0.00022421039065337485,0.00022590375049447156,0.9021428317436223,0.9074452278513943,1.8051032969686496,1.817517924166006,0.09805979352472591,0.10451460874328261,1.6731316902356888,1.6858755721430982,1.6382829776257568,1.651120443751581,0.0,1.4932587262798827,-1.5804559676377468,-1.4828775264234715,1.5264071616061496,1.6216437861351736,1.4828775264234715,1.5804559676377465,-1.6007444634752692,-1.5097629390174054,3.132407716200373,3.223282781608162,0.0,0.00905418766353192,-0.164707330635703,-0.16347900334253268
Consensus,19.9,0.00071,0.10549667619330323,0.11765413552387323,0.8584113905049733,0.8706255611493038,-0.02415310387953782,-0.023519153764046927,0.000197596133416653,0.00019939438830626877,0.9185130269657702,0.9227438555715731,1.8369483880051931,1.8461637956260117,0.08645277859993751,0.09230156169806762,1.7199727154788629,1.7297652035004525,1.6891002914675024,1.6990565810170246,0.0,1.579887975019934,-1.664921955317059,-1.5564482441464906,1.5945248175947802,1.7020103707938143,1.5564482441464906,1.664921955317059,-1.67903315330819,-1.580318163826122,3.2546822604936403,3.354489878876131,0.0,0.008030454927500142,-0.14623608610270272,-0.14473977618586936
Consensus,23.9,0.00059,0.0896666914646714,0.10348555430709616,0.8714023103411276,0.8851685279484943,-0.025388127965336925,-0.024909208747906482,0.00016475451988079502,0.00016692408317725847,0.9250494101830441,0.9296680995268713,1.8509925941113787,1.8598669787290223,0.07279342423743981,0.07818128832228685,1.7524140349657609,1.761581049345458,1.7265070484250236,1.735849376466101,0.0,1.6673446338066975,-1.7434667481351915,-1.6181748531187883,1.6505571840934152,1.7763081706985204,1.6181748531187883,1.7434667481351915,-1.7592533111668527,-1.638118950101068,3.3534271620486797,3.472893901129483,0.0,0.006818848249943465,-0.12488624516655909,-0.1225730802552734
Consensus,27.9,0.00052,0.08074717243575436,0.08998511006376574,0.877558287262214,0.8868423795323666,-0.032733201529715275,-0.03219543137342497,0.0001458505688192812,0.00014828675556513476,0.9237040923433905,0.9269726900767131,1.8457773557177726,1.852805944552163,0.06777832210918511,0.07151578349345822,1.7547537721641735,1.7630829450770942,1.7311516363328427,1.739880628487834,0.0,1.694471776092513,-1.7847306464901316,-1.638392393815734,1.6681647003747124,1.8149720397847153,1.638392393815734,1.7847306464901314,-1.798913070466017,-1.6573281273252154,3.3781396149965617,3.5157832180160122,0.0,0.00632405863540053,-0.11737612147341314,-0.11352270351135234
