Cofactor,Equation,,0.00052,0.00059,0.00071,0.00083,0.001,0.0014,0.0017,0.0022,0.0073,0.013,0.025,0.1
atp_c,Consensus,Glycolysis/Gluconeogenesis,12.5,12.5,12.7,12.8,13.0,13.4,13.700000000000001,14.2,16.2,17.4,18.5,19.2
atp_c,Consensus,"Transport, Mitochondrial",87.5,87.5,87.3,87.2,87.0,86.6,86.3,85.8,83.8,82.6,81.5,80.80000000000001
atp_c,Derived,Glycolysis/Gluconeogenesis,12.4,12.5,12.6,12.7,12.8,13.100000000000001,13.3,13.5,14.7,15.4,16.2,17.4
atp_c,Derived,"Transport, Mitochondrial",87.6,87.5,87.4,87.3,87.2,86.9,86.7,86.5,85.3,84.6,83.8,82.6
atp_c,Fitted,Glycolysis/Gluconeogenesis,12.4,12.4,12.5,12.6,12.7,13.0,13.200000000000001,13.5,14.7,15.6,16.1,17.4
atp_c,Fitted,"Transport, Mitochondrial",87.6,87.6,87.5,87.4,87.3,87.0,86.8,86.5,85.3,84.39999999999999,83.8,82.6
atp_c,Interpolated,Glycolysis/Gluconeogenesis,12.4,12.4,12.5,12.6,12.7,13.0,13.200000000000001,13.600000000000001,14.7,15.7,16.2,17.299999999999997
atp_c,Interpolated,"Transport, Mitochondrial",87.6,87.6,87.5,87.4,87.3,87.0,86.8,86.4,85.3,84.3,83.8,82.69999999999999
atp_c,ScaledConsensus,Glycolysis/Gluconeogenesis,12.7,12.7,12.9,13.100000000000001,13.200000000000001,13.600000000000001,14.000000000000002,14.499999999999998,17.299999999999997,18.5,19.900000000000002,20.599999999999998
atp_c,ScaledConsensus,"Transport, Mitochondrial",87.3,87.3,87.1,86.9,86.8,86.4,86.0,85.5,82.69999999999999,81.5,80.10000000000001,79.4
atp_m,Consensus,Citric Acid Cycle,6.6000000000000005,6.5,6.5,6.5,6.5,6.4,6.4,6.3,5.4,5.3,4.9,4.3
atp_m,Consensus,Oxidative Phosphorylation,93.4,93.5,93.5,93.5,93.5,93.60000000000001,93.60000000000001,93.7,94.6,94.69999999999999,95.1,95.7
atp_m,Derived,Citric Acid Cycle,6.6000000000000005,6.6000000000000005,6.6000000000000005,6.6000000000000005,6.5,6.5,6.5,6.5,6.1,6.1,5.7,5.2
atp_m,Derived,Oxidative Phosphorylation,93.4,93.4,93.4,93.4,93.5,93.5,93.5,93.5,93.89999999999999,93.89999999999999,94.3,94.8
atp_m,Fitted,Citric Acid Cycle,6.6000000000000005,6.6000000000000005,6.6000000000000005,6.6000000000000005,6.6000000000000005,6.5,6.5,6.5,6.0,6.0,5.7,5.2
atp_m,Fitted,Oxidative Phosphorylation,93.4,93.4,93.4,93.4,93.4,93.5,93.5,93.5,94.0,94.0,94.3,94.8
atp_m,Interpolated,Citric Acid Cycle,6.6000000000000005,6.6000000000000005,6.6000000000000005,6.6000000000000005,6.6000000000000005,6.6000000000000005,6.5,6.5,6.0,6.0,5.7,5.0
atp_m,Interpolated,Oxidative Phosphorylation,93.4,93.4,93.4,93.4,93.4,93.4,93.5,93.5,94.0,94.0,94.3,95.0
atp_m,ScaledConsensus,Citric Acid Cycle,6.5,6.5,6.5,6.5,6.4,6.3,6.3,6.2,5.7,5.4,5.1,4.5
atp_m,ScaledConsensus,Oxidative Phosphorylation,93.5,93.5,93.5,93.5,93.60000000000001,93.7,93.7,93.8,94.3,94.6,94.89999999999999,95.5
nad_c,Consensus,Amino Sugar And Nucleotide Sugar Metabolism,0.1,0.1,0.2,0.2,0.2,0.3,0.4,0.4,0.6,0.7000000000000001,0.7000000000000001,0.8
nad_c,Consensus,Arginine And Proline Metabolism,0.1,0.1,0.2,0.2,0.2,0.3,0.3,0.3,0.6,0.6,0.7000000000000001,0.8
nad_c,Consensus,Citric Acid Cycle,86.8,85.3,82.19999999999999,79.2,76.8,70.39999999999999,66.7,59.199999999999996,93.5,73.3,75.3,89.4
nad_c,Consensus,Glycerolipid Metabolism,0.1,0.1,0.1,0.1,0.1,0.1,0.1,0.2,0.3,0.3,0.3,0.4
nad_c,Consensus,Glycine And Serine Metabolism,0.2,0.2,0.3,0.3,0.3,0.4,0.5,0.5,0.8999999999999999,1.0,1.0999999999999999,1.2
nad_c,Consensus,Oxidative Phosphorylation,12.3,13.8,16.6,19.5,21.7,27.800000000000004,31.1,38.2,2.3,22.0,19.5,5.0
nad_c,Consensus,Sterol Metabolism,0.1,0.1,0.2,0.2,0.2,0.3,0.3,0.4,0.7000000000000001,0.7000000000000001,0.8,0.8999999999999999
nad_c,Consensus,Threonine And Lysine Metabolism,0.2,0.2,0.3,0.3,0.3,0.4,0.5,0.6,1.0,1.0999999999999999,1.2,1.3
nad_c,Consensus,"Transport, Er",0.0,0.0,0.0,0.1,0.1,0.1,0.1,0.1,0.2,0.2,0.2,0.2
nad_c,Derived,Amino Sugar And Nucleotide Sugar Metabolism,0.2,0.2,0.2,0.2,0.2,0.2,0.2,0.2,0.2,0.3,0.3,0.4
nad_c,Derived,Arginine And Proline Metabolism,0.1,0.1,0.2,0.2,0.2,0.3,0.3,0.4,0.6,0.7000000000000001,0.8,0.8999999999999999
nad_c,Derived,Citric Acid Cycle,83.7,81.6,77.60000000000001,74.7,71.5,65.0,60.099999999999994,54.0,65.3,46.0,60.0,80.60000000000001
nad_c,Derived,Glycerolipid Metabolism,0.1,0.1,0.1,0.1,0.1,0.1,0.1,0.1,0.1,0.1,0.1,0.2
nad_c,Derived,Glycine And Serine Metabolism,0.2,0.2,0.3,0.3,0.3,0.4,0.4,0.5,0.7000000000000001,0.8,1.0999999999999999,1.3
nad_c,Derived,Oxidative Phosphorylation,15.1,17.1,21.0,23.799999999999997,27.0,33.300000000000004,38.1,44.0,31.900000000000002,51.0,36.1,14.7
nad_c,Derived,Sterol Metabolism,0.4,0.3,0.3,0.3,0.2,0.2,0.2,0.2,0.2,0.2,0.3,0.5
nad_c,Derived,Threonine And Lysine Metabolism,0.2,0.2,0.3,0.3,0.4,0.4,0.5,0.6,0.8999999999999999,0.8999999999999999,1.0999999999999999,1.3
nad_c,Derived,"Transport, Er",0.1,0.1,0.1,0.1,0.1,0.1,0.1,0.0,0.1,0.1,0.1,0.1
nad_c,Fitted,Amino Sugar And Nucleotide Sugar Metabolism,0.1,0.1,0.1,0.1,0.1,0.2,0.1,0.2,0.2,0.2,0.3,0.4
nad_c,Fitted,Arginine And Proline Metabolism,0.1,0.1,0.2,0.2,0.2,0.3,0.3,0.4,0.6,0.7000000000000001,0.8,0.8999999999999999
nad_c,Fitted,Citric Acid Cycle,83.89999999999999,82.3,79.5,76.7,72.8,65.7,60.199999999999996,53.400000000000006,73.1,49.6,62.6,81.0
nad_c,Fitted,Glycerolipid Metabolism,0.0,0.0,0.0,0.0,0.0,0.1,0.1,0.1,0.1,0.1,0.1,0.2
nad_c,Fitted,Glycine And Serine Metabolism,0.2,0.2,0.2,0.3,0.3,0.3,0.4,0.5,0.8,0.8999999999999999,1.0999999999999999,1.3
nad_c,Fitted,Oxidative Phosphorylation,15.299999999999999,16.900000000000002,19.6,22.400000000000002,26.1,32.9,38.3,44.800000000000004,24.0,47.099999999999994,33.6,14.299999999999999
nad_c,Fitted,Sterol Metabolism,0.1,0.1,0.1,0.1,0.1,0.1,0.1,0.1,0.2,0.3,0.3,0.5
nad_c,Fitted,Threonine And Lysine Metabolism,0.2,0.2,0.2,0.3,0.3,0.4,0.4,0.5,0.8999999999999999,1.0,1.0999999999999999,1.3
nad_c,Fitted,"Transport, Er",0.0,0.0,0.0,0.0,0.0,0.0,0.0,0.0,0.1,0.1,0.1,0.1
nad_c,Interpolated,Amino Sugar And Nucleotide Sugar Metabolism,0.1,0.1,0.1,0.1,0.1,0.1,0.2,0.2,0.2,0.3,0.3,0.4
nad_c,Interpolated,Arginine And Proline Metabolism,0.1,0.1,0.2,0.2,0.2,0.3,0.3,0.4,0.7000000000000001,0.7000000000000001,0.8,0.8999999999999999
nad_c,Interpolated,Citric Acid Cycle,84.0,82.5,79.4,76.4,72.7,66.4,60.8,52.400000000000006,73.6,49.5,60.699999999999996,81.8
nad_c,Interpolated,Glycerolipid Metabolism,0.0,0.0,0.0,0.0,0.0,0.0,0.1,0.1,0.1,0.1,0.1,0.2
nad_c,Interpolated,Glycine And Serine Metabolism,0.2,0.2,0.2,0.3,0.3,0.4,0.4,0.5,0.8,1.0,1.0999999999999999,1.3
nad_c,Interpolated,Oxidative Phosphorylation,15.2,16.7,19.7,22.6,26.200000000000003,32.2,37.7,45.800000000000004,23.400000000000002,47.099999999999994,35.4,13.5
nad_c,Interpolated,Sterol Metabolism,0.1,0.1,0.1,0.1,0.1,0.1,0.1,0.2,0.3,0.3,0.3,0.5
nad_c,Interpolated,Threonine And Lysine Metabolism,0.2,0.2,0.2,0.3,0.3,0.4,0.4,0.5,0.8999999999999999,1.0,1.0999999999999999,1.3
nad_c,Interpolated,"Transport, Er",0.0,0.0,0.0,0.0,0.0,0.0,0.0,0.0,0.1,0.1,0.1,0.1
nad_c,ScaledConsensus,Amino Sugar And Nucleotide Sugar Metabolism,0.1,0.2,0.2,0.2,0.3,0.3,0.4,0.4,0.7000000000000001,0.8,0.8,0.8999999999999999
nad_c,ScaledConsensus,Arginine And Proline Metabolism,0.2,0.2,0.2,0.4,0.2,0.3,0.3,0.4,0.6,0.7000000000000001,1.4000000000000001,0.8
nad_c,ScaledConsensus,Citric Acid Cycle,84.1,82.5,79.4,76.3,74.4,67.9,64.60000000000001,57.699999999999996,42.3,26.1,18.9,59.099999999999994
nad_c,ScaledConsensus,Glycerolipid Metabolism,0.1,0.1,0.1,0.1,0.1,0.1,0.2,0.2,0.3,0.3,0.3,0.4
nad_c,ScaledConsensus,Glycine And Serine Metabolism,0.2,0.3,0.3,0.3,0.4,0.4,0.5,0.6,0.8999999999999999,1.0,1.0999999999999999,1.3
nad_c,ScaledConsensus,Oxidative Phosphorylation,14.899999999999999,16.3,19.3,22.0,23.9,30.0,33.0,39.5,53.300000000000004,69.1,75.2,35.099999999999994
nad_c,ScaledConsensus,Sterol Metabolism,0.2,0.2,0.2,0.2,0.3,0.3,0.4,0.4,0.7000000000000001,0.8,0.8,0.8999999999999999
nad_c,ScaledConsensus,Threonine And Lysine Metabolism,0.3,0.3,0.3,0.4,0.4,0.5,0.5,0.6,1.0,1.0999999999999999,1.2,1.4000000000000001
nad_c,ScaledConsensus,"Transport, Er",0.0,0.0,0.1,0.1,0.1,0.1,0.1,0.1,0.2,0.2,0.2,0.2
nad_m,Consensus,Arginine And Proline Metabolism,0.0,0.0,0.0,0.0,0.1,0.1,0.1,0.1,0.2,0.3,0.3,0.3
nad_m,Consensus,Oxidative Phosphorylation,100.0,100.0,100.0,100.0,99.9,99.9,99.9,99.9,99.8,99.7,99.7,99.7
nad_m,Derived,Arginine And Proline Metabolism,0.0,0.0,0.0,0.0,0.1,0.1,0.1,0.1,0.2,0.2,0.3,0.4
nad_m,Derived,Oxidative Phosphorylation,100.0,100.0,100.0,100.0,99.9,99.9,99.9,99.9,99.8,99.8,99.7,99.6
nad_m,Fitted,Arginine And Proline Metabolism,0.0,0.0,0.0,0.0,0.1,0.1,0.1,0.1,0.2,0.3,0.3,0.4
nad_m,Fitted,Oxidative Phosphorylation,100.0,100.0,100.0,100.0,99.9,99.9,99.9,99.9,99.8,99.7,99.7,99.6
nad_m,Interpolated,Arginine And Proline Metabolism,0.0,0.0,0.0,0.0,0.1,0.1,0.1,0.1,0.2,0.3,0.3,0.4
nad_m,Interpolated,Oxidative Phosphorylation,100.0,100.0,100.0,100.0,99.9,99.9,99.9,99.9,99.8,99.7,99.7,99.6
nad_m,ScaledConsensus,Arginine And Proline Metabolism,0.0,0.0,0.0,0.0,0.1,0.1,0.1,0.1,0.3,0.3,0.0,0.4
nad_m,ScaledConsensus,Oxidative Phosphorylation,100.0,100.0,100.0,100.0,99.9,99.9,99.9,99.9,99.7,99.7,100.0,99.6
nad_x,Consensus,Glyoxylate And Dicarboxylate Metabolism,100.0,100.0,100.0,100.0,100.0,100.0,100.0,100.0,100.0,100.0,100.0,100.0
nad_x,Derived,Glyoxylate And Dicarboxylate Metabolism,100.0,100.0,100.0,100.0,100.0,100.0,100.0,100.0,100.0,100.0,100.0,100.0
nad_x,Fitted,Glyoxylate And Dicarboxylate Metabolism,100.0,100.0,100.0,100.0,100.0,100.0,100.0,100.0,100.0,100.0,100.0,100.0
nad_x,Interpolated,Glyoxylate And Dicarboxylate Metabolism,100.0,100.0,100.0,100.0,100.0,100.0,100.0,100.0,100.0,100.0,100.0,100.0
nad_x,ScaledConsensus,Glyoxylate And Dicarboxylate Metabolism,100.0,100.0,100.0,100.0,100.0,100.0,100.0,100.0,100.0,100.0,100.0,100.0
nadh_c,Consensus,Folate Metabolism,0.0,0.3,0.0,0.1,0.0,0.0,0.0,0.0,0.0,0.0,0.0,0.0
nadh_c,Consensus,Glycine And Serine Metabolism,0.7000000000000001,0.7000000000000001,0.8999999999999999,1.0999999999999999,1.0999999999999999,1.4000000000000001,1.6,1.9,3.1,3.5000000000000004,3.8,5.3
nadh_c,Consensus,Glycolysis/Gluconeogenesis,96.89999999999999,96.3,96.0,95.19999999999999,94.8,93.60000000000001,92.60000000000001,91.2,85.1,83.5,81.8,79.3
nadh_c,Consensus,Glyoxylate And Dicarboxylate Metabolism,0.0,0.0,0.0,0.1,0.1,0.1,0.1,0.1,0.2,0.2,0.2,0.2
nadh_c,Consensus,Histidine Metabolism,0.1,0.1,0.2,0.2,0.2,0.3,0.3,0.3,0.6,0.6,0.7000000000000001,0.8
nadh_c,Consensus,Nucleotide Metabolism,0.0,0.0,0.1,0.1,0.1,0.1,0.1,0.1,0.2,0.2,0.3,0.3
nadh_c,Consensus,Other Amino Acid Metabolism,1.5,1.7000000000000002,2.0,2.3,2.6,3.3000000000000003,3.8,4.5,7.6,8.4,9.3,9.9
nadh_c,Consensus,Sterol Metabolism,0.1,0.1,0.1,0.1,0.1,0.1,0.2,0.2,0.3,0.4,0.4,0.5
nadh_c,Consensus,Threonine And Lysine Metabolism,0.2,0.2,0.3,0.3,0.3,0.4,0.5,0.6,1.0,1.0999999999999999,1.2,1.3
nadh_c,Consensus,"Valine, Leucine, And Isoleucine Metabolism",0.4,0.4,0.5,0.6,0.7000000000000001,0.8,0.8999999999999999,1.0999999999999999,1.9,2.1,2.3,2.5
nadh_c,Derived,Folate Metabolism,0.0,0.0,0.0,0.0,0.3,0.0,0.0,0.0,0.6,0.0,0.0,0.0
nadh_c,Derived,Glycine And Serine Metabolism,0.6,0.7000000000000001,0.8,1.0,1.0999999999999999,1.4000000000000001,1.6,1.9,3.1,3.4000000000000004,4.2,5.0
nadh_c,Derived,Glycolysis/Gluconeogenesis,96.5,96.2,95.89999999999999,95.6,95.1,94.8,94.39999999999999,93.7,90.10000000000001,89.8,87.5,84.5
nadh_c,Derived,Glyoxylate And Dicarboxylate Metabolism,0.1,0.1,0.1,0.1,0.1,0.1,0.1,0.0,0.1,0.1,0.1,0.1
nadh_c,Derived,Histidine Metabolism,0.1,0.2,0.2,0.2,0.3,0.3,0.3,0.4,0.6,0.7000000000000001,0.7000000000000001,0.7000000000000001
nadh_c,Derived,Nucleotide Metabolism,0.0,0.0,0.0,0.0,0.0,0.1,0.1,0.1,0.2,0.2,0.2,0.3
nadh_c,Derived,Other Amino Acid Metabolism,2.0,2.0,2.1,2.1,2.1,2.1,2.1,2.1999999999999997,3.0,3.2,3.8,5.2
nadh_c,Derived,Sterol Metabolism,0.2,0.2,0.2,0.1,0.1,0.1,0.1,0.1,0.1,0.1,0.2,0.3
nadh_c,Derived,Threonine And Lysine Metabolism,0.2,0.2,0.3,0.3,0.4,0.4,0.5,0.6,0.8999999999999999,0.8999999999999999,1.0999999999999999,1.3
nadh_c,Derived,"Valine, Leucine, And Isoleucine Metabolism",0.3,0.4,0.5,0.5,0.6,0.7000000000000001,0.8,0.8999999999999999,1.5,1.6,2.1999999999999997,2.6
nadh_c,Fitted,Folate Metabolism,0.2,0.2,0.0,0.0,0.3,0.0,0.4,0.0,0.0,0.0,0.0,0.0
nadh_c,Fitted,Glycine And Serine Metabolism,0.8999999999999999,0.8999999999999999,0.8,1.0999999999999999,1.3,1.5,1.7000000000000002,1.9,3.4000000000000004,3.6999999999999997,4.6,5.0
nadh_c,Fitted,Glycolysis/Gluconeogenesis,97.1,97.1,97.2,96.8,96.1,95.6,94.69999999999999,94.3,90.2,89.1,87.1,84.5
nadh_c,Fitted,Glyoxylate And Dicarboxylate Metabolism,0.0,0.0,0.0,0.0,0.0,0.0,0.0,0.0,0.1,0.1,0.1,0.1
nadh_c,Fitted,Histidine Metabolism,0.1,0.1,0.2,0.2,0.2,0.3,0.3,0.3,0.6,0.6,0.7000000000000001,0.7000000000000001
nadh_c,Fitted,Nucleotide Metabolism,0.0,0.0,0.0,0.0,0.1,0.1,0.1,0.1,0.2,0.2,0.2,0.3
nadh_c,Fitted,Other Amino Acid Metabolism,0.8999999999999999,0.8999999999999999,1.0,1.0999999999999999,1.2,1.4000000000000001,1.6,1.7999999999999998,2.9000000000000004,3.3000000000000003,3.8,5.2
nadh_c,Fitted,Sterol Metabolism,0.0,0.0,0.0,0.0,0.1,0.1,0.1,0.1,0.1,0.1,0.2,0.3
nadh_c,Fitted,Threonine And Lysine Metabolism,0.2,0.2,0.2,0.3,0.3,0.4,0.4,0.5,0.8,1.0,1.0999999999999999,1.3
nadh_c,Fitted,"Valine, Leucine, And Isoleucine Metabolism",0.4,0.4,0.4,0.5,0.6,0.7000000000000001,0.8,0.8999999999999999,1.6,1.9,2.1999999999999997,2.6
nadh_c,Interpolated,Glycine And Serine Metabolism,0.8,0.8999999999999999,0.8,1.0,1.0999999999999999,1.4000000000000001,1.7999999999999998,1.9,3.3000000000000003,3.8,4.2,6.1
nadh_c,Interpolated,Glycolysis/Gluconeogenesis,97.39999999999999,97.39999999999999,97.2,96.89999999999999,96.5,95.7,94.89999999999999,94.19999999999999,90.2,88.8,87.5,83.5
nadh_c,Interpolated,Glyoxylate And Dicarboxylate Metabolism,0.0,0.0,0.0,0.0,0.0,0.0,0.0,0.0,0.1,0.1,0.1,0.1
nadh_c,Interpolated,Histidine Metabolism,0.1,0.1,0.2,0.2,0.2,0.3,0.3,0.4,0.6,0.7000000000000001,0.7000000000000001,0.7000000000000001
nadh_c,Interpolated,Nucleotide Metabolism,0.0,0.0,0.0,0.0,0.1,0.1,0.1,0.1,0.2,0.2,0.2,0.3
nadh_c,Interpolated,Other Amino Acid Metabolism,0.8999999999999999,0.8999999999999999,1.0,1.0999999999999999,1.2,1.4000000000000001,1.6,1.9,3.0,3.4000000000000004,3.8,5.2
nadh_c,Interpolated,Sterol Metabolism,0.0,0.0,0.0,0.0,0.0,0.1,0.1,0.1,0.1,0.1,0.2,0.3
nadh_c,Interpolated,Threonine And Lysine Metabolism,0.2,0.2,0.2,0.3,0.3,0.4,0.4,0.5,0.8999999999999999,1.0,1.0999999999999999,1.3
nadh_c,Interpolated,"Valine, Leucine, And Isoleucine Metabolism",0.4,0.4,0.4,0.5,0.6,0.7000000000000001,0.8,1.0,1.7000000000000002,1.9,2.1999999999999997,2.6
nadh_c,ScaledConsensus,Folate Metabolism,0.0,0.0,0.0,0.5,0.5,0.0,0.0,0.0,0.0,0.0,0.0,0.0
nadh_c,ScaledConsensus,Glycine And Serine Metabolism,0.8999999999999999,0.8999999999999999,1.0,1.0999999999999999,1.6,1.5,1.7000000000000002,2.0,3.2,4.1000000000000005,5.0,4.2
nadh_c,ScaledConsensus,Glycolysis/Gluconeogenesis,96.1,95.8,95.19999999999999,94.19999999999999,93.2,92.7,91.8,90.4,84.7,82.5,80.5,79.7
nadh_c,ScaledConsensus,Glyoxylate And Dicarboxylate Metabolism,0.0,0.0,0.1,0.1,0.1,0.1,0.1,0.1,0.2,0.2,0.2,0.2
nadh_c,ScaledConsensus,Histidine Metabolism,0.2,0.2,0.2,0.2,0.2,0.3,0.3,0.4,0.6,0.7000000000000001,0.7000000000000001,0.8
nadh_c,ScaledConsensus,Nucleotide Metabolism,0.1,0.1,0.1,0.1,0.1,0.1,0.1,0.1,0.2,0.3,0.3,0.3
nadh_c,ScaledConsensus,Other Amino Acid Metabolism,1.9,2.1,2.4,2.7,3.0,3.6999999999999997,4.2,4.9,7.8,8.6,9.3,10.4
nadh_c,ScaledConsensus,Sterol Metabolism,0.1,0.1,0.1,0.1,0.1,0.2,0.2,0.2,0.4,0.4,0.4,0.5
nadh_c,ScaledConsensus,Threonine And Lysine Metabolism,0.3,0.3,0.3,0.4,0.4,0.5,0.5,0.6,1.0,1.0999999999999999,1.2,1.4000000000000001
nadh_c,ScaledConsensus,"Valine, Leucine, And Isoleucine Metabolism",0.5,0.5,0.6,0.7000000000000001,0.8,0.8999999999999999,1.0,1.2,1.9,2.1,2.3,2.6
nadh_m,Consensus,Citric Acid Cycle,59.599999999999994,59.5,59.4,59.199999999999996,59.099999999999994,58.699999999999996,58.5,57.99999999999999,64.5,62.7,63.9,68.10000000000001
nadh_m,Consensus,Glycine And Serine Metabolism,0.0,0.0,0.0,0.1,0.0,0.0,0.0,0.0,0.0,0.0,0.0,0.6
nadh_m,Consensus,Glycolysis/Gluconeogenesis,40.400000000000006,40.400000000000006,40.5,40.6,40.8,41.099999999999994,41.199999999999996,41.6,35.0,36.6,35.0,30.5
nadh_m,Consensus,Pyruvate Metabolism,0.0,0.1,0.1,0.1,0.0,0.1,0.1,0.2,0.2,0.2,0.5,0.3
nadh_m,Consensus,Threonine And Lysine Metabolism,0.0,0.1,0.1,0.1,0.1,0.1,0.1,0.2,0.3,0.4,0.5,0.6
nadh_m,Derived,Citric Acid Cycle,59.199999999999996,59.0,58.8,58.599999999999994,58.4,57.9,57.49999999999999,57.099999999999994,59.4,57.099999999999994,59.8,64.1
nadh_m,Derived,Glycolysis/Gluconeogenesis,40.699999999999996,40.8,41.099999999999994,41.3,41.4,41.9,42.3,42.8,40.300000000000004,42.4,39.800000000000004,35.3
nadh_m,Derived,Pyruvate Metabolism,0.1,0.1,0.1,0.1,0.1,0.1,0.1,0.0,0.0,0.1,0.0,0.0
nadh_m,Derived,Threonine And Lysine Metabolism,0.0,0.0,0.1,0.1,0.1,0.1,0.1,0.2,0.3,0.3,0.4,0.5
nadh_m,Fitted,Citric Acid Cycle,59.199999999999996,59.099999999999994,58.9,58.699999999999996,58.5,57.9,57.49999999999999,56.89999999999999,60.3,57.8,60.199999999999996,64.1
nadh_m,Fitted,Glycine And Serine Metabolism,0.0,0.0,0.0,0.0,0.0,0.0,0.0,0.0,0.1,0.0,0.2,0.0
nadh_m,Fitted,Glycolysis/Gluconeogenesis,40.6,40.8,41.0,41.199999999999996,41.4,41.9,42.3,42.9,39.2,41.8,39.0,35.3
nadh_m,Fitted,Pyruvate Metabolism,0.0,0.0,0.0,0.0,0.0,0.1,0.0,0.0,0.2,0.0,0.2,0.0
nadh_m,Fitted,Threonine And Lysine Metabolism,0.0,0.0,0.1,0.1,0.1,0.1,0.1,0.1,0.3,0.3,0.4,0.5
nadh_m,Interpolated,Citric Acid Cycle,59.199999999999996,59.099999999999994,58.9,58.699999999999996,58.4,57.99999999999999,57.599999999999994,56.8,60.4,57.8,59.9,64.9
nadh_m,Interpolated,Glycine And Serine Metabolism,0.0,0.0,0.0,0.0,0.0,0.0,0.1,0.0,0.0,0.0,0.0,0.5
nadh_m,Interpolated,Glycolysis/Gluconeogenesis,40.699999999999996,40.8,41.099999999999994,41.3,41.5,41.9,42.199999999999996,43.1,39.2,41.9,39.7,34.1
nadh_m,Interpolated,Pyruvate Metabolism,0.0,0.0,0.0,0.0,0.1,0.0,0.1,0.0,0.2,0.0,0.0,0.0
nadh_m,Interpolated,Threonine And Lysine Metabolism,0.0,0.0,0.1,0.1,0.1,0.1,0.1,0.1,0.3,0.3,0.4,0.5
nadh_m,ScaledConsensus,Citric Acid Cycle,59.5,59.4,59.3,59.099999999999994,59.099999999999994,58.699999999999996,58.5,57.9,57.099999999999994,54.800000000000004,53.400000000000006,62.5
nadh_m,ScaledConsensus,Glycine And Serine Metabolism,0.0,0.0,0.0,0.0,0.1,0.0,0.0,0.0,0.0,0.3,0.7000000000000001,0.0
nadh_m,ScaledConsensus,Glycolysis/Gluconeogenesis,40.400000000000006,40.400000000000006,40.6,40.699999999999996,40.6,41.0,41.199999999999996,41.699999999999996,42.0,43.8,44.5,36.0
nadh_m,ScaledConsensus,Pyruvate Metabolism,0.1,0.1,0.1,0.1,0.1,0.1,0.2,0.2,0.4,0.6,0.7000000000000001,0.7000000000000001
nadh_m,ScaledConsensus,Threonine And Lysine Metabolism,0.1,0.1,0.1,0.1,0.1,0.1,0.2,0.2,0.4,0.6,0.7000000000000001,0.7000000000000001
nadh_x,Consensus,Fatty Acid Degradation,100.0,100.0,100.0,100.0,100.0,100.0,100.0,100.0,100.0,100.0,100.0,100.0
nadh_x,Derived,Fatty Acid Degradation,100.0,100.0,100.0,100.0,100.0,100.0,100.0,100.0,100.0,100.0,100.0,100.0
nadh_x,Fitted,Fatty Acid Degradation,100.0,100.0,100.0,100.0,100.0,100.0,100.0,100.0,100.0,100.0,100.0,100.0
nadh_x,Interpolated,Fatty Acid Degradation,100.0,100.0,100.0,100.0,100.0,100.0,100.0,100.0,100.0,100.0,100.0,100.0
nadh_x,ScaledConsensus,Fatty Acid Degradation,,100.0,100.0,100.0,100.0,100.0,100.0,100.0,100.0,100.0,100.0,100.0
nadp_c,Consensus,Alanine And Aspartate Metabolism,2.3,2.1999999999999997,2.1999999999999997,2.1,2.1999999999999997,2.1,2.1,2.1999999999999997,2.1999999999999997,2.1999999999999997,2.1999999999999997,2.1999999999999997
nadp_c,Consensus,FRDO,1.3,1.2,1.0999999999999999,1.0999999999999999,1.0999999999999999,1.0999999999999999,1.0,1.0999999999999999,1.0999999999999999,1.0999999999999999,1.0999999999999999,1.0999999999999999
nadp_c,Consensus,Fatty Acid Biosynthesis,28.9,30.099999999999998,30.0,29.5,30.4,30.5,31.7,30.0,27.900000000000002,29.099999999999998,28.7,27.500000000000004
nadp_c,Consensus,Fatty Acid Degradation,1.0999999999999999,1.0999999999999999,1.2,1.0999999999999999,1.2,1.2,1.0999999999999999,1.2,1.2,1.2,1.2,1.2
nadp_c,Consensus,Folate Metabolism,0.8999999999999999,0.8999999999999999,0.8999999999999999,0.8999999999999999,0.8999999999999999,0.8999999999999999,0.8999999999999999,0.8999999999999999,0.8999999999999999,0.8999999999999999,0.8999999999999999,0.8999999999999999
nadp_c,Consensus,Glutamate Metabolism,51.6,50.4,50.4,51.2,50.1,49.9,49.1,50.3,51.800000000000004,50.9,51.2,52.7
nadp_c,Consensus,Sterol Metabolism,8.7,8.9,9.1,9.0,9.1,9.2,9.0,9.2,9.5,9.4,9.5,9.3
nadp_c,Consensus,Threonine And Lysine Metabolism,2.3,2.3,2.3,2.3,2.3,2.3,2.3,2.3,2.4,2.3,2.4,2.3
nadp_c,Consensus,"Transport, Er",0.4,0.4,0.4,0.4,0.4,0.4,0.4,0.4,0.4,0.4,0.4,0.4
nadp_c,Consensus,"Tyrosine, Tryptophan, And Phenylalanine Metabolism",2.7,2.5,2.5,2.5,2.5,2.5,2.4,2.5,2.5,2.5,2.5,2.5
nadp_c,Derived,Alanine And Aspartate Metabolism,2.0,2.1999999999999997,2.4,2.5,2.6,2.6,2.6,2.6,2.6,2.5,2.8000000000000003,2.8000000000000003
nadp_c,Derived,FRDO,1.7000000000000002,1.9,2.1999999999999997,2.5,2.8000000000000003,3.1,3.2,3.3000000000000003,3.6999999999999997,3.5999999999999996,3.8,3.5999999999999996
nadp_c,Derived,Fatty Acid Biosynthesis,37.7,35.5,32.2,30.5,27.500000000000004,24.0,23.0,22.0,15.2,15.7,16.0,15.6
nadp_c,Derived,Fatty Acid Degradation,1.4000000000000001,1.3,1.2,1.0999999999999999,1.0,0.8,0.7000000000000001,0.6,0.5,0.5,0.5,0.6
nadp_c,Derived,Folate Metabolism,1.7000000000000002,1.6,1.5,1.4000000000000001,1.4000000000000001,1.3,1.3,1.2,1.2,1.2,1.3,1.4000000000000001
nadp_c,Derived,Glutamate Metabolism,30.3,34.4,39.900000000000006,43.6,48.1,53.800000000000004,55.800000000000004,57.9,65.7,65.8,64.0,62.6
nadp_c,Derived,Sterol Metabolism,20.8,18.3,15.2,12.7,10.6,8.0,6.9,5.7,4.2,3.8,4.8,6.5
nadp_c,Derived,Threonine And Lysine Metabolism,1.7000000000000002,2.0,2.4,2.5,2.7,2.8000000000000003,2.9000000000000004,2.9000000000000004,3.0,2.9000000000000004,2.8000000000000003,2.9000000000000004
nadp_c,Derived,"Transport, Er",0.8999999999999999,0.8,0.6,0.5,0.5,0.3,0.3,0.2,0.2,0.2,0.2,0.3
nadp_c,Derived,"Tyrosine, Tryptophan, And Phenylalanine Metabolism",1.7999999999999998,2.0,2.4,2.7,2.9000000000000004,3.2,3.4000000000000004,3.5000000000000004,3.8,3.8,3.6999999999999997,3.8
nadp_c,Fitted,Alanine And Aspartate Metabolism,2.6,2.6,2.6,2.6,2.6,2.5,2.6,2.6,2.7,2.8000000000000003,2.9000000000000004,2.8000000000000003
nadp_c,Fitted,FRDO,3.3000000000000003,3.3000000000000003,3.4000000000000004,3.4000000000000004,3.4000000000000004,3.4000000000000004,3.5000000000000004,3.5000000000000004,3.8,3.8,3.8,3.5999999999999996
nadp_c,Fitted,Fatty Acid Biosynthesis,21.5,20.8,21.099999999999998,20.0,19.3,20.5,18.0,19.1,14.499999999999998,14.6,13.600000000000001,15.299999999999999
nadp_c,Fitted,Fatty Acid Degradation,0.7000000000000001,0.7000000000000001,0.6,0.6,0.6,0.5,0.5,0.5,0.5,0.5,0.5,0.6
nadp_c,Fitted,Folate Metabolism,1.3,1.3,1.3,1.2,1.2,1.2,1.2,1.2,1.3,1.3,1.3,1.4000000000000001
nadp_c,Fitted,Glutamate Metabolism,57.4,58.199999999999996,58.099999999999994,59.8,60.8,60.5,62.7,62.2,65.9,65.60000000000001,66.10000000000001,62.8
nadp_c,Fitted,Sterol Metabolism,7.1,6.800000000000001,6.4,5.8999999999999995,5.5,4.9,4.7,4.3999999999999995,4.5,4.6,4.9,6.5
nadp_c,Fitted,Threonine And Lysine Metabolism,2.6,2.7,2.8000000000000003,2.8000000000000003,2.8000000000000003,2.8000000000000003,2.8000000000000003,2.8000000000000003,2.9000000000000004,2.9000000000000004,2.9000000000000004,2.9000000000000004
nadp_c,Fitted,"Transport, Er",0.3,0.3,0.3,0.3,0.2,0.2,0.2,0.2,0.2,0.2,0.2,0.3
nadp_c,Fitted,"Tyrosine, Tryptophan, And Phenylalanine Metabolism",3.4000000000000004,3.4000000000000004,3.5000000000000004,3.5000000000000004,3.5000000000000004,3.5000000000000004,3.5999999999999996,3.5999999999999996,3.8,3.8,3.8,3.8
nadp_c,Interpolated,Alanine And Aspartate Metabolism,2.6,2.6,2.6,2.6,2.6,2.7,2.7,2.8000000000000003,2.9000000000000004,2.9000000000000004,2.9000000000000004,2.7
nadp_c,Interpolated,FRDO,3.3000000000000003,3.3000000000000003,3.4000000000000004,3.4000000000000004,3.5000000000000004,3.5000000000000004,3.5000000000000004,3.6999999999999997,3.8,3.9,3.9,3.5000000000000004
nadp_c,Interpolated,Fatty Acid Biosynthesis,22.6,20.7,21.0,20.200000000000003,20.4,19.6,18.4,17.2,14.6,14.2,13.8,15.4
nadp_c,Interpolated,Fatty Acid Degradation,0.7000000000000001,0.7000000000000001,0.6,0.6,0.6,0.5,0.5,0.5,0.5,0.5,0.5,0.6
nadp_c,Interpolated,Folate Metabolism,1.3,1.3,1.3,1.2,1.2,1.2,1.2,1.3,1.3,1.3,1.4000000000000001,1.3
nadp_c,Interpolated,Glutamate Metabolism,55.900000000000006,58.099999999999994,58.3,59.5,60.0,60.9,62.1,62.8,65.0,65.4,65.7,63.4
nadp_c,Interpolated,Sterol Metabolism,7.3999999999999995,6.9,6.3,5.7,5.1,5.0,4.9,5.0,5.0,5.0,4.9,6.3
nadp_c,Interpolated,Threonine And Lysine Metabolism,2.6,2.7,2.8000000000000003,2.8000000000000003,2.8000000000000003,2.8000000000000003,2.8000000000000003,2.9000000000000004,2.9000000000000004,2.9000000000000004,2.9000000000000004,2.8000000000000003
nadp_c,Interpolated,"Transport, Er",0.3,0.3,0.3,0.2,0.2,0.2,0.2,0.2,0.2,0.2,0.2,0.3
nadp_c,Interpolated,"Tyrosine, Tryptophan, And Phenylalanine Metabolism",3.4000000000000004,3.4000000000000004,3.5000000000000004,3.5000000000000004,3.5999999999999996,3.5999999999999996,3.5999999999999996,3.6999999999999997,3.8,3.8,3.8,3.6999999999999997
nadp_c,ScaledConsensus,Alanine And Aspartate Metabolism,2.1999999999999997,2.1999999999999997,2.1,2.1999999999999997,2.1,2.1,2.1,2.1999999999999997,2.1,2.1,2.1,2.1999999999999997
nadp_c,ScaledConsensus,FRDO,1.3,1.0999999999999999,1.0999999999999999,1.0999999999999999,1.0999999999999999,1.0999999999999999,1.0999999999999999,1.0999999999999999,1.0999999999999999,1.0,1.0,1.0999999999999999
nadp_c,ScaledConsensus,Fatty Acid Biosynthesis,28.9,29.7,30.599999999999998,30.0,29.7,29.7,30.9,30.0,30.2,29.9,30.099999999999998,29.2
nadp_c,ScaledConsensus,Fatty Acid Degradation,1.0999999999999999,1.0999999999999999,1.0999999999999999,1.2,1.0999999999999999,1.2,1.2,1.2,1.2,1.2,1.0999999999999999,1.2
nadp_c,ScaledConsensus,Folate Metabolism,0.8999999999999999,0.8999999999999999,0.8999999999999999,0.8999999999999999,0.8999999999999999,0.8999999999999999,0.8999999999999999,0.8999999999999999,0.8999999999999999,0.8999999999999999,0.8999999999999999,0.8999999999999999
nadp_c,ScaledConsensus,Glutamate Metabolism,51.5,51.0,49.9,50.3,51.1,50.8,49.6,50.3,50.1,50.7,50.8,50.8
nadp_c,ScaledConsensus,Sterol Metabolism,8.799999999999999,8.9,9.0,9.2,9.0,9.1,9.1,9.2,9.2,9.1,9.0,9.4
nadp_c,ScaledConsensus,Threonine And Lysine Metabolism,2.3,2.3,2.3,2.3,2.1999999999999997,2.3,2.3,2.3,2.3,2.3,2.1999999999999997,2.3
nadp_c,ScaledConsensus,"Transport, Er",0.4,0.4,0.4,0.4,0.4,0.4,0.4,0.4,0.4,0.4,0.4,0.4
nadp_c,ScaledConsensus,"Tyrosine, Tryptophan, And Phenylalanine Metabolism",2.6,2.5,2.5,2.5,2.4,2.4,2.4,2.5,2.5,2.4,2.4,2.5
nadp_m,Consensus,Arginine And Proline Metabolism,31.7,32.0,32.1,32.2,32.2,32.2,32.2,32.2,32.300000000000004,32.300000000000004,32.300000000000004,32.300000000000004
nadp_m,Consensus,"Valine, Leucine, And Isoleucine Metabolism",68.30000000000001,68.0,67.9,67.80000000000001,67.80000000000001,67.80000000000001,67.80000000000001,67.80000000000001,67.7,67.7,67.7,67.7
nadp_m,Derived,Arginine And Proline Metabolism,25.6,27.1,28.799999999999997,30.2,31.6,33.6,34.599999999999994,35.6,37.6,38.2,33.0,29.099999999999998
nadp_m,Derived,"Valine, Leucine, And Isoleucine Metabolism",74.4,72.89999999999999,71.2,69.8,68.4,66.4,65.4,64.4,62.4,61.8,67.0,70.89999999999999
nadp_m,Fitted,Arginine And Proline Metabolism,33.2,33.800000000000004,34.300000000000004,34.5,34.9,35.199999999999996,35.4,35.4,34.699999999999996,34.1,33.0,29.099999999999998
nadp_m,Fitted,"Valine, Leucine, And Isoleucine Metabolism",66.8,66.2,65.7,65.5,65.10000000000001,64.8,64.60000000000001,64.60000000000001,65.3,65.9,67.0,70.89999999999999
nadp_m,Interpolated,Arginine And Proline Metabolism,33.2,33.900000000000006,34.300000000000004,34.599999999999994,34.9,34.5,34.2,34.0,33.2,33.1,33.0,29.099999999999998
nadp_m,Interpolated,"Valine, Leucine, And Isoleucine Metabolism",66.8,66.10000000000001,65.7,65.4,65.10000000000001,65.5,65.8,66.0,66.8,66.9,67.0,70.89999999999999
nadp_m,ScaledConsensus,Arginine And Proline Metabolism,31.900000000000002,32.1,32.2,32.2,32.2,32.2,32.2,32.2,32.300000000000004,32.300000000000004,32.300000000000004,32.300000000000004
nadp_m,ScaledConsensus,"Valine, Leucine, And Isoleucine Metabolism",68.10000000000001,67.9,67.80000000000001,67.80000000000001,67.80000000000001,67.80000000000001,67.80000000000001,67.80000000000001,67.7,67.7,67.7,67.7
nadph_c,Consensus,Folate Metabolism,3.5999999999999996,0.1,2.9000000000000004,0.0,3.0,2.9000000000000004,2.8000000000000003,3.0,3.1,3.1,3.1,3.1
nadph_c,Consensus,Pentose Phosphate Pathway,95.6,99.1,96.2,99.2,96.2,96.39999999999999,96.39999999999999,96.2,96.1,96.1,96.1,96.1
nadph_c,Consensus,"Tyrosine, Tryptophan, And Phenylalanine Metabolism",0.8999999999999999,0.8,0.8,0.8,0.8,0.8,0.8,0.8,0.8,0.8,0.8,0.8
nadph_c,Derived,Folate Metabolism,0.8,1.2,1.6,1.7999999999999998,0.0,2.6,2.8000000000000003,2.9000000000000004,0.0,3.5000000000000004,3.4000000000000004,3.5000000000000004
nadph_c,Derived,Glycerolipid Metabolism,0.0,0.0,0.0,0.0,0.0,0.0,0.0,0.0,0.0,0.0,0.0,0.1
nadph_c,Derived,Pentose Phosphate Pathway,98.6,98.2,97.7,97.39999999999999,99.1,96.5,96.2,96.0,98.8,95.3,95.5,95.19999999999999
nadph_c,Derived,"Tyrosine, Tryptophan, And Phenylalanine Metabolism",0.5,0.6,0.7000000000000001,0.8,0.8999999999999999,1.0,1.0,1.0999999999999999,1.2,1.2,1.0999999999999999,1.2
nadph_c,Fitted,Folate Metabolism,0.0,0.0,3.0,3.0,0.0,3.3000000000000003,0.0,3.2,3.6999999999999997,3.6999999999999997,3.5000000000000004,3.5000000000000004
nadph_c,Fitted,Glycerolipid Metabolism,0.0,0.0,0.0,0.0,0.0,0.0,0.0,0.0,0.0,0.0,0.0,0.1
nadph_c,Fitted,Pentose Phosphate Pathway,98.9,98.9,95.89999999999999,95.89999999999999,98.9,95.6,98.9,95.7,95.1,95.19999999999999,95.39999999999999,95.3
nadph_c,Fitted,"Tyrosine, Tryptophan, And Phenylalanine Metabolism",1.0999999999999999,1.0999999999999999,1.0999999999999999,1.0999999999999999,1.0999999999999999,1.0999999999999999,1.0999999999999999,1.0999999999999999,1.2,1.2,1.0999999999999999,1.2
nadph_c,Interpolated,Folate Metabolism,3.1,2.9000000000000004,3.0,3.1,3.1,3.2,0.0,3.3000000000000003,3.5000000000000004,3.6999999999999997,3.5999999999999996,3.5000000000000004
nadph_c,Interpolated,Pentose Phosphate Pathway,95.89999999999999,96.0,95.89999999999999,95.8,95.8,95.6,98.9,95.5,95.39999999999999,95.19999999999999,95.3,95.39999999999999
nadph_c,Interpolated,"Tyrosine, Tryptophan, And Phenylalanine Metabolism",1.0999999999999999,1.0999999999999999,1.0999999999999999,1.0999999999999999,1.0999999999999999,1.0999999999999999,1.0999999999999999,1.0999999999999999,1.2,1.2,1.2,1.0999999999999999
nadph_c,ScaledConsensus,Folate Metabolism,3.4000000000000004,3.0,2.9000000000000004,0.0,0.0,3.0,3.0,3.0,2.9000000000000004,2.8000000000000003,2.9000000000000004,3.0
nadph_c,ScaledConsensus,Pentose Phosphate Pathway,95.8,96.2,96.3,99.2,99.2,96.2,96.3,96.2,96.3,96.39999999999999,96.3,96.2
nadph_c,ScaledConsensus,"Tyrosine, Tryptophan, And Phenylalanine Metabolism",0.8999999999999999,0.8,0.8,0.8,0.8,0.8,0.8,0.8,0.8,0.8,0.8,0.8
nadph_m,Consensus,Citric Acid Cycle,100.0,100.0,99.9,0.0,99.3,98.5,98.3,64.1,96.1,95.5,95.19999999999999,0.0
nadph_m,Consensus,Folate Metabolism,0.0,0.0,0.1,100.0,0.7000000000000001,1.5,1.7000000000000002,35.9,3.9,4.5,4.8,100.0
nadph_m,Derived,Citric Acid Cycle,60.0,69.5,81.3,89.60000000000001,68.2,68.2,94.3,93.60000000000001,90.2,94.0,73.5,95.19999999999999
nadph_m,Derived,Folate Metabolism,40.0,30.5,18.7,10.4,31.8,31.8,5.7,6.4,9.8,6.0,1.4000000000000001,4.8
nadph_m,Derived,Pyruvate Metabolism,0.0,0.0,0.0,0.0,0.0,0.0,0.0,0.0,0.0,0.0,25.1,0.0
nadph_m,Fitted,Citric Acid Cycle,0.0,0.0,96.2,29.2,28.299999999999997,50.3,48.199999999999996,62.5,70.7,91.9,55.300000000000004,98.7
nadph_m,Fitted,Folate Metabolism,100.0,100.0,3.8,70.8,71.7,49.7,51.800000000000004,37.5,29.299999999999997,8.1,44.7,1.3
nadph_m,Interpolated,Citric Acid Cycle,99.1,22.400000000000002,97.89999999999999,95.8,95.8,81.89999999999999,11.700000000000001,73.0,94.1,93.7,73.4,0.0
nadph_m,Interpolated,Folate Metabolism,0.8999999999999999,77.60000000000001,2.1,4.2,4.2,4.3,88.3,1.9,5.8999999999999995,6.3,1.4000000000000001,100.0
nadph_m,Interpolated,Pyruvate Metabolism,0.0,0.0,0.0,0.0,0.0,13.8,0.0,25.1,0.0,0.0,25.2,0.0
nadph_m,ScaledConsensus,Citric Acid Cycle,100.0,31.3,98.6,99.5,0.0,31.0,96.39999999999999,96.39999999999999,95.89999999999999,0.0,0.0,98.6
nadph_m,ScaledConsensus,Folate Metabolism,0.0,68.7,1.4000000000000001,0.5,100.0,69.0,3.5999999999999996,3.5999999999999996,4.1000000000000005,100.0,100.0,1.4000000000000001
