,Derived,Consensus
,0.0,0.0
ADPtn,0.0,0.0
ATPtn,0.0,0.0
FACOAE140,0.0,0.0
FACOAL260,0.0,0.0
GLCter,0.0,0.0
DAGL_PP,0.0,0.0
M4MPDOLter,0.0,0.0
M7MASNBterg,0.0,0.0
MANter,0.0,0.0
MIPCS124_SC,0.0,0.0
MIPCS126_SC,0.0,6.69767931289099e-08
MIPCS224_SC,0.0,-6.69767931289099e-08
MIPCS226_SC,0.0,0.0
MIPCS324_SC,8.694611187678479e-08,4.601305687956109e-06
MIPCS326_SC,5.5113873211360484e-08,3.005682086943845e-06
NADH2_u6mh,1.18497103714365,1.181542188121489
NDPK10,0.0,0.0
NTP10,0.0,0.0
NTP5,0.0,0.0
NTP7,0.0,0.0
NTP9,0.0,0.0
SPHK21c,-3.106941193029884e-07,-2.2505726533568414e-07
POLYPPE,0.0,0.0
NDP11,0.0,0.0
PHEPYRAT,0.0,0.0
NDP10,0.0,0.0
MAGL_PP,0.0,0.0
CERASE116,-6.619434430686641e-08,0.0
CERASE118,0.0,0.0
CERASE16d4,-6.979105230674265e-08,-5.055449202673117e-08
CERASE18d4,-2.4090306699624574e-07,-1.7450277330895297e-07
CERASE124,0.0,0.0
CERASE126,0.0,0.0
PYDXNDH,0.0,0.0
NDP12,0.0,0.0
LSERDHr2,0.0,0.0
GLCCERS16d4,0.0,0.0
GLCCERS16d8,2.7028597580163905e-08,2.1177032448178623e-07
GLCCERS16m9,2.6249057997399858e-08,2.056625954403989e-07
GLCCERS18,1.0070192621788171e-08,7.890042954634268e-08
GLCCERS18d4,1.559990907730155e-08,1.2222601625513112e-07
GLCCERS18d8,1.0275790488353425e-07,8.051129843386647e-07
GLCCERS18m9,2.74165438871418e-07,2.1480990191700293e-06
CERS116,0.0,4.267893720144573e-07
CERS118,7.157425698164698e-07,3.7267249444893247e-06
CER4DS16,0.0,0.0
CER4DS18,0.0,0.0
CER4DS2d16,6.619434430686641e-08,4.267893720144573e-07
CER4DS2d18,5.73550190560447e-07,3.2065683663844815e-06
PYDXS,0.0,0.0
TYRPYRAT,0.0,0.0
OPMT1,0.0,0.0
OPMT2,0.0,0.0
HCO3DH,0.0,0.0
FAcoaRavge,0.0010687189483049048,0.004388678221906126
FARavge,0.0,0.0
STERYLEST,0.0,0.0002079211259318789
Nglycmann,0.0,0.0
Oglycmann,0.0,0.0
FACOAL180p,0.0,0.0
FACOAL181p,0.0,0.0
FACOAL182p,0.0,0.0
FACOAL183p,0.0,0.0
FACOAL240,0.0,0.0
PTE141x,0.0,0.0
PTE161x,0.0,0.0
PTE181x,0.0,0.0
PTE182x,0.0,0.0
PTE183x,0.0,0.0
PTE260x,0.0,0.0
DESAT182,0.00022870585493724963,0.000939177139487911
POLYPPX,0.0,0.0
CER8DS16,2.518526895722303e-08,1.824343431723844e-08
CER8DS18,6.839250238270724e-08,4.9541425470965784e-08
CER8DS2d16,5.327765557756376e-08,4.174329199221851e-07
CER8DS2d18,4.214154238586153e-07,2.985440698083572e-06
CER9MET16,2.6249057997399858e-08,2.056625954403989e-07
CER9MET18,2.74165438871418e-07,2.1480990191700293e-06
SBPP3er,0.0,0.0
SGPL12,-3.106941193029884e-07,-2.2505726533568414e-07
HXDCEALR,-3.106941193029884e-07,-2.2505726533568414e-07
CERavg,1.1370324585653738e-06,8.236313461507196e-07
CERS2d16,6.619434430686641e-08,4.267893720144573e-07
CERS2d18,5.836203831822352e-07,3.285468795930824e-06
CERS424,2.813074782165467e-08,3.250344372432392e-07
CERS426,2.523562759476868e-08,2.2772109663829362e-07
GLCCERavg,4.5587110103160575e-07,3.571771369232353e-06
IPC116PLC_PP,0.0,0.0
IPC118PLC_PP,-6.413901593661088e-08,0.0
IPC424PLC_PP,0.0,0.0
IPC426PLC_PP,0.0,0.0
IPCavg,6.446132254935766e-07,3.9398113605241115e-06
IPCS116_PP,0.0,0.0
IPCS118_PP,0.0,3.920112303721491e-07
IPCS424_PP,2.813074782165467e-08,3.250344372432392e-07
IPCS426_PP,2.523562759476868e-08,2.2772109663829362e-07
mip2c424plc_pp,0.0,0.0
mip2c426plc_pp,0.0,0.0
MIP2Cavg,2.5458054105240783e-08,3.9398113605241115e-06
mip2cs424_pp,2.7240117892607637e-10,4.215598155760799e-08
mip2cs426_pp,0.0,0.0
mipc424plc_pp,0.0,0.0
mipc426plc_pp,0.0,0.0
MIPCavg,1.2413630606673454e-07,3.9398113605241115e-06
MIPCS424_SC,4.666826413688479e-09,1.8162530372016155e-07
MIPCS426_SC,2.867548670141568e-09,9.100964242810697e-08
SPHLIPIDS,0.0,1.6213215475407867e-05
SPHS1Pter,0.0,0.0
OGLYCOStg,0.0,0.0
CHITINtg,0.0,0.0
MANNANtg,0.0,0.0
FARCOAtm,0.0,0.0
FACOAtm,0.0,0.0
CLPNtm,0.0,5.04280888102032e-06
DEDOLPP,0.0,0.0
DEDOLS,0.0,0.0
NADHter,0.00033978225715135274,0.0010570660155559877
NADter,-0.00033978225715135274,-0.0010570660155559877
NADPHter,0.00033978225715135274,0.0009789488370064003
NADPter,-0.00033978225715135274,-0.0009789488370064003
GPAILter,0.0,0.0
PI34BP4P_PP,0.0,0.0
12DGRter,0.0,0.0
PEter,0.0,0.0
PAter,0.0,0.0
DUDPtn,0.0,0.0
MI13456Ptn,0.0,0.0
PMI23456PH,0.0,0.0
PMI23456PS,0.0,0.0
PMI12456PH,0.0,0.0
PMI12456PS,0.0,0.0
DPMI2346PH1,0.0,0.0
DPMI2346PS1,0.0,0.0
DPMI2346PH5,0.0,0.0
DPMI2346PS5,0.0,0.0
DPMI1246PH3,0.0,0.0
DPMI1246PS3,0.0,0.0
DPMI1246PH5,0.0,0.0
DPMI1246PS5,0.0,0.0
DNADtn,0.0,0.0
DOLter,0.0,0.0
2HBO,0.0,0.0
2HBt2,0.0,0.0
34HPPt2p,0.0,0.0
3C4MOPtm,0.005218811500427792,0.006637445607691085
4ABUTNtm,0.0,0.0
4ABUTtm,0.0,0.0
4H2OGLTtm,0.0,0.0
4H2OGLTtp,0.0,0.0
4HPRO_LTtm,0.0,0.0
8AONNt2,0.0,0.0
AABTN,0.0,0.0
AACTOOR,0.0,0.0
AASAD2,0.004582891659326015,0.00601956666407489
ACCOAtn,0.0,0.0
ACRNtp,0.0,0.0
ACtp,0.0,0.0
ADEtm,0.0,0.0
AHMMPS,0.0,0.0
AKGt2n,0.0,0.0
AKGtp,0.0,0.0
AOBUTDs,0.0,0.0
APRTO2,0.0,0.0
ARAB1D2,0.0,0.0
ARAB_Dt,0.0,0.0
ARGt2m,0.0,0.0
ASNt2m,0.0,0.0
CBPSn,0.0,0.0
CBPtn,0.0,0.0
CDPtn,0.0,0.0
CITtap,0.0,0.0
CITtcp,0.0,0.0
CMPN,0.0,0.0
CO2tp,0.0,0.0
COAtn,0.0,0.0
CRNtp,0.0,0.0
CYSTtp,0.0,0.0
DADPtn,0.0,0.0
DANNt2,0.0,0.0
DCDPtn,0.0,0.0
DDPAm,0.006015406384833093,0.005854318056718655
DESAT14,0.0,0.0
DESAT18_2,0.0005183286899278789,0.0021285089376244714
DGDPtn,0.0,0.0
DGGH,0.0,0.0
DIAT,0.0,0.0
DNTPPA,0.0,0.0
DOLPt2er,-0.011695249979475356,-0.010921936911978496
DPCOAKm,0.0,-5.747329145933122e-08
DUMPtn,0.0,0.0
E4HGLUtm,0.0,0.0
E4HGLUtp,0.0,0.0
E4Ptm,0.006015406384833093,0.005854318056718655
FA100tp,0.0,0.0
FA120tp,0.0,0.0
FA80tp,0.0,0.0
FMNATm,0.0,0.0
FMNRx,0.0,0.0
FORtrn,0.0,0.0
FRUK,0.0,0.0
FTHFL2,0.0,0.0
G13MTg,0.0,0.0
G16MTg,0.0,0.0
G6PDA,0.0,0.0
GDPtg,0.0,0.0
GDPtn,0.0,0.0
GGLGH,0.0,0.0
GLNt2n,0.0,0.0
GLUt2n,0.0,0.0
GLXtp,0.0,0.0
GLYAT,0.0,0.0
GSNK,0.0,0.0
GSNtm,0.0,0.0
GUAtm,0.0,0.0
H2O2tn,0.0,0.0
HCYSt2p,0.0,0.0
HYPOE,0.0,0.0
IND3ACtm,0.0,0.0
INSK,0.0,0.0
Kt2,0.0,0.0
LCAD,0.0,0.0
L_LACtm,0.0,0.0
LYSt2m,0.0,0.0
HISt2m,0.0,0.0
MALOAAtp,0.0,0.0
MANNANter,-0.011695249979475356,-0.010921936911978496
MELIBt2,0.0,0.0
MGSA,0.0,0.0
MINOHPtn,0.0,0.0
NABTNO,0.0,0.0
NADNm,0.0,0.0
NADPPPSm,0.0,0.0
NADtn,0.0,0.0
NDP4,0.0,0.0
NH4tn,0.0,0.0
NMNt2m,0.0,0.0
NMNt2p,0.0,0.0
NTD10,0.0,0.0
NTD3,0.0,0.0
NTD5,0.0,0.0
NTD7,0.0,0.0
NTP4,0.0,0.0
OBDHc,0.0,0.0
PAK_PP,0.0,0.0
PAN4Ptm,0.0,-5.747329145933122e-08
PAPtm,0.0,0.0
PHCHGS,0.0,0.0
PHEt2m,0.0,0.0
PI3P4K_PP,0.0,0.0
PIt2n,0.0,0.0
PIt2p,0.0,0.0
PNP,0.0,0.0
PPND,0.0,0.0
PRPPtm,-5.3078728523558993e-08,0.0
PTD1INOtn_SC,0.0,0.0
PTPATim,0.0,-5.747329145933122e-08
PYDAMK,0.0,0.0
PYDXK,0.0,0.0
PYDXNK,0.0,0.0
PYNP2r,0.0,0.0
PYRt2p,0.0,0.0
QULNtm,0.0,0.0
RIBFLVtm,0.0,0.0
SHSL1,0.0,0.0
SHSL4r,0.0,0.0
SPMDAT1,0.0,0.0
SUCRt2,0.0,0.0
TMDK1,0.0,0.0
TMN,0.0,0.0
MPK,0.0,0.0
TREHv,0.0,0.0
TRPt2m,0.0,0.0
TYRt2m,0.0,0.0
UMPtn,0.0,0.0
XYLTD_D,0.0,0.0
ACOHT,0.0,0.0
NFORTYRS,0.0,0.0
COAHLm,0.0,0.0
PSPH1Pter,0.0,0.0
SPH1Pter,0.0,0.0
2MBACt,0.0,0.0
ACESt,0.0,0.0
IAMACt,0.0,0.0
IBUTACt,0.0,0.0
PHEACt,0.0,0.0
TAURt,0.0,0.0
FRDPtm,0.0,0.0
AMPtn,0.0,0.0
ASPt5n,0.0,0.0
MI145Ptn,0.0,0.0
PI4Ptn,0.0,0.0
23CAMPH,0.0,0.0
AC2MBTOHT,0.0,0.0
AC2PHETOHT,0.0,0.0
ACIAMOHT,0.0,0.0
ACIBUTOHT,0.0,0.0
PECTH,0.0,0.0
5AOPt2,0.0,0.0
ABUTt2r,0.0,0.0
AKGt2r,0.0,0.0
ARAB1D1,0.0,0.0
CBASPtn,0.0,0.0
CERH124,0.0,0.0
CERH126,5.20528035051626e-07,4.881670900684467e-06
CERS2d24,0.0,0.0
CERS2d26,0.0,0.0
CERS324,7.020259715229148e-07,6.843454408521962e-06
CERS326,4.902296610446498e-07,4.812145325229961e-06
CITt2r,0.0,0.0
CYOR_u6m,1.4687290204443706,1.3855917745588981
DNMPPA,0.0,0.0
FACOAL240p,0.0,0.0
FACOAL260p,0.0,0.0
FAO182p_even_even,0.0,0.0
FAO182p_even_odd,0.0,0.0
FAO182p_odd_odd,0.0,0.0
OCDCYAt,0.0,0.0
PAPt,0.0,0.0
PDE2,0.0,0.0
pla2_2e,0.0,0.0
SBTD_D2,0.0,0.0
SBTD_L,0.0,0.0
SBTR,0.0,0.0
PDXPHT,0.0,0.0
E4PDH,0.0,0.0
EPISTESTH_Ppe,0.0,0.0
ERGSTESTH_Ppe,0.0,0.0
FECOSTESTH_Ppe,0.0,0.0
LANOSTESTH_Ppe,0.0,0.0
ZYMSTESTH_Ppe,0.0,0.0
plbpc_ppe2,0.0,0.0
CERS124er,0.0,0.0
CERS126er,0.0,0.0
CERASE124er,0.0,0.0
CERASE126er,0.0,0.0
CERASE224er,0.0,0.0
CERASE226er,0.0,0.0
PTE12x,0.0,0.0
MN1PP,0.0,0.0
MN6PR,0.0,0.0
MNDH,0.0,0.0
PDX5PSYN,0.0,0.0
CERS224er,0.0,0.0
CERS226er,0.0,0.0
IPC124PLC_PP,0.0,0.0
IPC126PLC_PP,0.0,0.0
IPC224PLC_PP,0.0,0.0
IPC226PLC_PP,0.0,0.0
IPC324PLC_PP,0.0,0.0
IPC326PLC_PP,0.0,0.0
IPCS124_PP,0.0,0.0
IPCS126_PP,0.0,6.69767931289099e-08
IPCS224_PP,1.0958424833390804e-08,0.0
IPCS226_PP,8.831201189262e-09,5.397541563918033e-08
IPCS324_PP,3.638719535488253e-07,6.293848648437267e-06
IPCS326_PP,2.930406147410396e-07,4.459866460113294e-06
MIP2C124PLC_PP,0.0,0.0
MIP2C126PLC_PP,0.0,0.0
MIP2C224PLC_PP,0.0,0.0
MIP2C226PLC_PP,0.0,0.0
MIP2C324PLC_PP,0.0,0.0
MIP2C326PLC_PP,0.0,0.0
MIP2CS124_PP,0.0,0.0
MIP2CS126_PP,0.0,0.0
MIP2CS224_PP,0.0,0.0
MIP2CS226_PP,0.0,0.0
MIP2CS324_PP,1.4971881619292104e-08,2.3170030611242297e-06
MIP2CS326_PP,1.0213771307022602e-08,1.5806523178422736e-06
MIPC124PLC_PP,0.0,0.0
MIPC126PLC_PP,0.0,6.69767931289099e-08
MIPC224PLC_PP,0.0,-6.69767931289099e-08
MIPC226PLC_PP,0.0,0.0
MIPC324PLC_PP,0.0,0.0
MIPC326PLC_PP,0.0,0.0
PYMDSYN,0.0,0.0
ALADt2r,0.0,0.0
EPISTt,0.0,0.0
PHEDt2r,0.0,0.0
ALADO,0.0,0.0
PHEDO,0.0,0.0
13BGHe,0.0,0.0
2DDA7Ptm,-0.006015406384833093,-0.005854318056718655
2OXOADPtim,0.0,0.0
34HPLFM,0.0,0.0
34HPPt2m,0.0,0.0
3OPHB_5tm,0.0,0.0
4ABZtm,2.6539364327265308e-08,0.0
4HBZCOAFm,0.0,0.0
4HBZFm,0.0,0.0
4HGLSDm,0.0,0.0
4HTHRS,0.0,0.0
AASAD1,0.0,0.0
ACACT1m,0.0020388527790940816,0.0063425685132098225
ACALDt,0.0,0.0
ACP1e,0.0,0.0
ACRNtm,0.0,0.0
ACSm,0.0,0.0
ACSp,0.0,0.0
ACt2e,0.0,0.0
ADEt2,0.0,0.0
ADK1,0.02839588117715321,0.03229624758585681
ADK3,0.0,0.0
ADK3m,0.0,0.0
ADK4,0.0,0.0
ADK4m,0.0,0.0
ADNt2,0.0,0.0
AHSERL,0.0,0.0
AKGDam,0.20242221410786018,0.16528223921333712
AKGMAL,0.0,0.0
ALAt2r,0.0,0.0
ALATA_Lm,0.0,0.0
ALDD20xm,0.0,0.0
ALDD20y,0.0,0.0
ALDD20ym,0.0,0.0
ALDD2y,0.0,0.0
ALDD2ym,0.0,0.0
ALLTTti,0.0,0.0
AMETt2,0.0,0.0
AMID,0.0,0.0
AMID2,0.0,0.0
AMPN,0.0,0.0
ARAB_Lt,0.0,0.0
ARABR,0.0,0.0
ARGt2r,0.0,0.0
ARMT,0.0,0.0
ASNNe,0.0,0.0
ASNt2r,0.0,0.0
ASPt2m,0.0,0.0
ASPt2n,0.0,0.0
ASPt2r,0.0,0.0
ATHRDHr,0.0,0.0
ATPATF2,0.0,0.0
ATPATF3,0.0,0.0
ATPH1,0.0,0.0
ATPS,0.0,0.0
ATPS3g,0.0,0.0
ATPtm_H,3.5846086681563154,3.4174407350013922
BTNt2i,2.653936432772566e-08,2.8736645649429042e-08
CHLt2,0.0,0.0
CHTNDA,0.0,0.0
CITtbm,-0.006015406384833093,-0.005854318056718655
CO2tn,0.0,0.0
COUCOAFm,0.0,0.0
CRNt,0.0,0.0
CRNtim,0.0,0.0
CSNt2,0.0,0.0
CTPS2,0.0,0.0
CYSt2r,0.0,0.0
CYSTLp,0.0,0.0
CYTDt2,0.0,0.0
DADNt2,0.0,0.0
DCTPD,0.0,0.0
DCYTD,0.0,0.0
DCYTt2,0.0,0.0
DESAT16,3.526772529406186e-05,0.00014482638132290218
DESAT18,0.0,0.0
DGSNt2,0.0,0.0
DHFRim,0.0,0.0
DHNPTtm,2.6539364327265308e-08,0.0
DHPSm,2.6539364327265308e-08,0.0
DHPTtm,-2.6539364327265308e-08,0.0
DINSt2,0.0,0.0
D_LACtm,0.0,0.0
DOLK,0.0,0.0
dolpmmer,0.011695249979475356,0.010921936911978496
DPGM,0.0,0.0
DPRm,0.0,0.0
DRBK,0.0,0.0
DROPPRy,5.307872865545132e-08,5.7473291298858084e-08
DRTPPD,5.307872865545132e-08,5.7473291298858084e-08
DTTPt,0.0,0.0
DURIK1,0.0,0.0
DURIt2,0.0,0.0
DXHPScm,0.0,0.0
EHGLATm,0.0,0.0
EHGLATp,0.0,0.0
ERGSTt,0.0,0.0
ERGSTter,0.00033978225715135274,0.0009789488370064003
ERGTETROLter,0.00033978225715135274,0.0009789488370064003
ETHAt,0.0,0.0
FA141COAabcp,0.0,0.0
FA161COAabcp,0.0,0.0
FACOAL100p,0.0,0.0
FACOAL120p,0.0,0.0
FACOAL140,0.0,0.0
FACOAL140p,0.0,0.0
FACOAL141,0.0,0.0
FACOAL141p,0.0,0.0
FACOAL160p,0.0,0.0
FACOAL161,0.0,0.0
FACOAL161p,0.0,0.0
FACOAL80p,0.0,0.0
FAO141p_even,0.0,0.0
FAO141p_odd,0.0,0.0
FAO161p_even,0.0,0.0
FAO161p_odd,0.0,0.0
FAO181p_even,0.0,0.0
FAO181p_odd,0.0,0.0
FBA2,0.0,0.0
FBA3,0.0,0.0
FOLD3m,0.0,0.0
FRDcm,0.0,0.0
FRUt2,0.0,0.0
FUMt2r,0.0,0.0
G12MT1g,0.0,0.0
G12MT2g,0.0,0.0
G3PCt,0.0,0.0
G5SD2,0.0,0.0
G6PI,0.0,0.0
GALt2,0.0,0.0
GAM6Pt,0.0,0.0
GCALDt,0.0,0.0
GCALDtm,-2.6539364327265308e-08,0.0
GCC2am,0.0,0.0
GCC2cm,0.0,0.0
GK2,0.00014169513578149895,2.498996178965648e-05
GLCt1,0.2986782365328121,0.29779732822992355
GLNt2r,0.0,0.0
GLUK,0.0,0.0
GLUt2r,0.0,0.0
GLYCLm,5.906561406697876e-05,0.00019100816220253732
GLYOXm,0.0,0.0
GLYt2r,0.0,0.0
GSNt2,0.0,0.0
GTHOXti,0.0,0.0
GTHP,0.0,0.0
GTHRDt2,0.0,0.0
GTMLT,0.0,0.0
GUAt2r,0.0,0.0
H2Oter,-0.00033978225715135274,-0.0010570660155559877
H2Otn,0.0,0.0
HCITSn,0.0,0.0
HCO3E,0.07445389746273817,0.14733837085926618
HCO3Em,0.0,0.0
HCO3En,0.0,0.0
HDCAt,0.0,0.0
HDCEAt,0.0,0.0
HICITDm,0.004582891659326015,0.00601956666407489
HISt2r,0.0,0.0
HMGCOASm,-0.0020388527790940816,-0.0063425685132098225
HMPK1,0.0,0.0
HPROb,0.0,0.0
HPROxm,0.0,0.0
HPROym,0.0,0.0
HXANt2r,0.0,0.0
ICDHxm,0.21391102326447461,0.17598666464372317
ICDHym,0.015472424220823417,0.023873850508718507
ICDHyp,0.0,0.0
ID3ACALDt,0.0,0.0
ID3ACALDtm,0.0,0.0
ILEt2r,0.0,0.0
ILETAm,-0.002425577073645508,-0.004152514840799914
INDPYRD,0.0,0.0
INSt2,0.0,0.0
INSTt2,0.0,0.0
IPPSm,0.005218811500427792,0.006637445607691085
ITCOALm,0.0,0.0
LEUt2r,0.0,0.0
LEUTAm,0.0,0.0
L_LACt2r,0.0,0.0
LSERDHr,0.0,0.0
LYSt2r,0.0,0.0
MALt2r,0.0,0.0
MALTt2,0.0,0.0
MANt2,0.0,0.0
ME2m,0.002287806742005294,0.0
METt2r,0.0,0.0
MEVK2,0.0004348870114430515,0.0010928168040963886
MEVK3,0.0,0.0
MEVK4,0.0,0.0
MHPGLUT,0.0,0.0
MI1345PKn,0.0,0.0
MI1456PKn,0.0,0.0
MI145P6Kn,0.0,0.0
MI145PKn,0.0,0.0
MMETt2,0.0,0.0
MTAP,0.0,0.0
MTHFC,0.005493281190483966,0.0076993430890264485
MTHFCm,5.906561406697876e-05,0.00019100816220253732
NADH2_u6cm,0.07920250700429454,0.035787607941142774
NADH2_u6m,0.0,0.0
NAt3_1,0.0,0.0
NDP1,0.0,0.0
NDP3g,0.0,0.0
NDPK9,0.0,0.0
NMNTP,0.0,0.0
NNDPRm,0.0,0.0
NNMT,0.0,0.0
NTD2,0.0,0.0
NTRLASE2,0.0,0.0
NTRLASE3,0.0,0.0
O2ter,0.00033978225715135274,0.0010570660155559877
OCDCAt,0.0,0.0
OHPBAT,0.0,0.0
OMCDCm,0.005218811500427792,0.006637445607691085
ORNt2r,0.0,0.0
OXAGm,0.004582891659326015,0.00601956666407489
OXO2Ctm,0.0,0.0
P5CR,0.0,0.0
PANTtm,0.0,0.0
PAtm_PP,1.4483604164680744e-05,1.008561776204064e-05
PDE3,0.0,0.0
PDE5,0.0,0.0
PDX5PO,0.0,0.0
pepat,0.0,0.0
PFK_2,0.0,0.0
PFK_3,0.0,0.0
PGAMT,0.0,0.0
PHEt2r,0.0,0.0
PIt2m,3.5785498640377162,3.4115610879536864
PMI12346PH,0.0,0.0
PMI1346PH,0.0,0.0
PNTOt2,0.0,0.0
POLYAO,0.0,0.0
POLYAO2,0.0,0.0
PPNCL2,1.095258312629535e-06,4.417414867549652e-06
PROt2r,0.0,0.0
PSPHPL,0.0,0.0
PTE2x,0.0,0.0
PUNP1m,0.0,0.0
PUNP3m,0.0,0.0
PUNP7,0.0,0.0
PYAM5PO,0.0,0.0
PYDXNO,0.0,0.0
PYDXO,0.0,0.0
PYR5CDm,0.0,0.0
PYRt2,0.0,0.0
PYRt2m,0.26499689822652917,0.25465937702632874
QUILSYN,0.0,0.0
RBFKm,0.0,0.0
RIBFLVt2,0.0,0.0
RNDR1n,0.0,0.0
RNDR2n,0.0,0.0
RNDR3n,0.0,0.0
RNDR4n,0.0,0.0
RNMK,0.0,0.0
RNTR1,0.00014169513578149895,2.498996178965648e-05
RNTR2,0.0,0.0
RNTR3,0.0,0.0
RNTR4,0.0,0.0
SBT_Lt,0.0,0.0
SERt2r,0.0,0.0
SLFAT,0.0020312784274300524,0.0009075180488037164
SPHPL,3.106941193029884e-07,2.2505726533568414e-07
SQ23EPXter,0.00033978225715135274,0.0010570660155559877
SQLter,0.00033978225715135274,0.0010570660155559877
SRB_Lt,0.0,0.0
SUCCt2r,0.0,0.0
SUCD2_u6m,0.20242200179294556,0.16528200932017192
T4HCINNMFM,0.0,0.0
THIORDXi,0.0,0.0
THMDPe,2.653936432772566e-08,2.8736645649429042e-08
THMDt2,0.0,0.0
THMPe,0.0,0.0
THMt2,2.653936432772566e-08,2.8736645649429042e-08
THRA2i,0.0,0.0
THRD_Lm,0.0,0.0
THRt2r,0.0,0.0
THYMt3r,0.0,0.0
TMDPP,0.0,0.0
TMDPPK,0.0,0.0
TRDRm,0.0,0.0
TREt2,0.0,0.0
TRPt2r,0.0,0.0
TRPTA,0.0,0.0
TYRt2r,0.0,0.0
udpg4e,0.0,0.0
UMPKn,0.0,0.0
URAt2,0.0,0.0
UREA2t2,0.0,0.0
URIDK2rn,0.0,0.0
URIt2,0.0,0.0
VALt2r,0.0,0.0
XANt,0.0,0.0
XPPT,0.0,0.0
XTSNt2,0.0,0.0
XYLR,0.0,0.0
XYLt,0.0,0.0
XYLTt,0.0,0.0
YUMPS,0.0,0.0
ZYMSTt,0.0,0.0
NDP7,0.0,0.0
ACOAHim,0.0,0.0
NADS1n,0.0,0.0
TYRTAim,0.0,0.0
TYRTAip,0.0,0.0
FTHFLmi,0.0,0.0
GLYCDy,0.0,0.0
VALTAim,0.0,0.0
DASYNm_PP,1.4483604164680744e-05,1.008561776204064e-05
PSERSm_PP,0.0,0.0
DHORDfum,2.6539364327265308e-08,0.0
BTDD_RR,0.0,0.0
G6PI3,0.0,0.0
PPTTm,2.653936432759057e-08,2.873664564943465e-08
ACON3MT,0.0,0.0
PI3P5K_PP,0.0,0.0
HEMEOSm,0.0,0.0
GGTT,2.653936432759057e-08,2.873664564943465e-08
C3STDH2,0.00033978225715135274,0.0010518863920797633
C3STKR2,0.00033978225715135274,0.0010518863920797633
C4STMO2,0.00033978225715135274,0.0010518863920797633
PLBP1I_PPe,0.0,0.0
ACALDCD,0.0,0.0
ARAB14LO,0.0,0.0
16GS,0.0,0.0
GLCGSDv,0.0,0.0
3IPM3MT,0.0,0.0
3MOBDC,0.0,0.0
4MOPDC,0.0,0.0
ACHLE1,0.0,0.0
ACHLE2,0.0,0.0
ACHLE3,0.0,0.0
ALCD22xi,0.0,0.0
ALCD22xim,0.0,0.0
ALCD22yi,0.0,0.0
ALCD23xi,0.0,0.0
ALCD23xim,0.0,0.0
ALCD23yi,0.0,0.0
ALCD24xi,0.0,0.0
ALCD24xim,0.0,0.0
ALCD24yi,0.0,0.0
ALCD25xi,0.0,0.0
ALCD25xim,0.0,0.0
ALCD25yi,0.0,0.0
ALCD26xi,0.0,0.0
ALCD26xim,0.0,0.0
PTE10x,0.0,0.0
PTE11x,0.0,0.0
PTE7x,0.0,0.0
PTE8x,0.0,0.0
PTE9x,0.0,0.0
PCDAGAT,3.7053715832898895e-06,0.0
DHORD4i,0.002133447964115984,0.0029799404394488162
DHORDi,0.0,0.0
COAHLp,0.0,0.0
LPP_PP,0.0,0.0
MI13456PKn,0.0,0.0
PI35BP5P_PP,0.0,0.0
PIN4Kn_PP,0.0,0.0
PMI12346PS,0.0,0.0
PMI1346PS,0.0,0.0
HEMEOMOm,0.0,0.0
PYRDC2,0.0,0.0
SBPP2er,0.0,0.0
C22STDSx,0.00033978225715135274,0.0009789488370064003
LNS14DMx,0.00033978225715135274,0.0010518863920797633
THZPSN1_PP,0.0,0.0
THZPSN2_PP,0.0,0.0
2MBALDt,0.0,0.0
2MBTOHt,0.0,0.0
2MPPALt,0.0,0.0
2PHETOHt,0.0,0.0
3C3HMPt,0.0,0.0
3MBALDt,0.0,0.0
3MOPt,0.0,0.0
4ABZt,0.0,0.0
BTDt_RR,0.0,0.0
FECOSTt,0.0,0.0
G3PIt,0.0,0.0
GLXt,0.0,0.0
GLYCt2,0.0,0.0
IAMOHt,0.0,0.0
IBUTOHt,0.0,0.0
IND3ETHt,0.0,0.0
LANOSTt,0.0,0.0
NACt,0.0,0.0
NADPt,0.0,0.0
NFORTYRt,0.0,0.0
NH4ti,0.0,0.0
OAAt,0.0,0.0
PACALDt,0.0,0.0
PTRCt3i,0.0,0.0
PTRCtex2,0.0,0.0
SO3ti,0.0,0.0
SPMDt3i,0.0,0.0
SPMDtex2,0.0,0.0
SPRMt2i,0.0,0.0
TTDCAtr,0.0,0.0
GDPMANNtg,0.0,0.0
UDPGALt2g,0.0,0.0
2MBALDtm,0.0,0.0
2MBTOHtm,0.0,0.0
2MPPALtm,0.0,0.0
3DH5HPBtm,0.0,0.0
3MBALDtm,0.0,0.0
CTPtm,1.4483604164680744e-05,1.008561776204064e-05
D_LACt2m,0.0,0.0
IAMOHtm,0.0,0.0
IBUTOHtm,0.0,0.0
IND3ETHtm,0.0,0.0
IPDPtm,2.653936432759057e-08,2.873664564943465e-08
PACALDtm,0.0,0.0
PENDPtm,2.653936432759057e-08,2.873664564943465e-08
GLUt7m,0.017707465638183206,0.023264086269772
THMPPt2m,0.0,0.0
HCO3tn,0.0,0.0
TRDOXtp,0.0027204286796757263,0.0010288481898659968
TRDRDtp,-0.0027204286796757263,-0.0010288481898659968
ASNt6,0.0,0.0
GLNt6,0.0,0.0
GLUt7,0.0,0.0
ILEt6,0.0,0.0
LEUt6,0.0,0.0
TCHOLAabcv,0.0,0.0
NFTYROX,0.0,0.0
2DOXG6PP,0.0,0.0
THIORDXm,0.0,0.0
THIORDXni,0.0,0.0
THIORDXp,-0.0027204286796757263,-0.0010288481898659968
GCC2bim,0.0,0.0
10FTHFtm,-5.906561406697876e-05,-0.00019100816220253732
2OXOADPTm,0.004582891659326015,0.00601956666407489
3HAD100m,0.0,0.0
3HAD120m,0.0,0.0
3HAD140m,0.0,0.0
3HAD160m,0.0,0.0
3HAD180m,0.0,0.0
3HAD40m,0.0,0.0
3HAD60m,0.0,0.0
3HAD80m,0.0,0.0
3M2OBLOXRD1,0.0,0.0
3M2OBLOXRD2,0.0,0.0
3OAR100m,0.0,0.0
3OAR120m,0.0,0.0
3OAR140m,0.0,0.0
3OAR160m,0.0,0.0
3OAR180m,0.0,0.0
3OAR40m,0.0,0.0
3OAR60m,0.0,0.0
3OAR80m,0.0,0.0
3OAS100m,0.0,0.0
3OAS120m,0.0,0.0
3OAS140m,0.0,0.0
3OAS160m,0.0,0.0
3OAS180,0.0,0.0
3OAS60m,0.0,0.0
3OAS80m,0.0,0.0
3SALACBOXL,0.0,0.0
3SALATAi,0.0,0.0
3SPYRSP,0.0,0.0
5HOXINDACTO2OX,0.0,0.0
5HOXINDACTOX,0.0,0.0
5MTHFtm,0.0,0.0
AACOAT,0.0,0.0
AASAD3,0.0,0.0
ACACT10m,0.0,0.0
ACACT1x,0.0,0.0
ACACT2rx,0.0,0.0
ACACT3rx,0.0,0.0
ACGPID,0.0,0.0
ACOAD8m,0.0,0.0
ACOAD9m,0.0,0.0
ACOAH,0.0,0.0
ACODA,0.0,0.0
ACONTx,0.0,0.0
ACPpds,0.0,0.0
ACPS1,0.0,0.0
ADPRDP,-5.3078728523558993e-08,0.0
AHSERL2,0.0010494995014804689,0.0007480513950471588
ALATRSm,0.0,0.0
ALCD19,0.0,0.0
ALDD2x,0.0,0.0
ALKP,0.0,0.0
ALKPv,0.0,0.0
AM6SAD,0.0,0.0
AMCOXO,0.0,0.0
AMPTASECG,-2.653936432772566e-08,0.0
APAT2r,0.013733737198297092,0.04472483726155946
APRAUR,0.0,0.0
ASP1DC,0.013734832456609721,0.04472925467642701
ASPO1,0.0,0.0
ASPO6,0.0,0.0
BBHOX,0.0,0.0
BDMT,0.0,0.0
BMTer,0.0,0.0
BPNT2,0.0,0.0
CHTNASE,0.0,0.0
COAtp,0.0,0.0
COAtr,0.0,0.0
CYSO,0.0,0.0
CYSSm,0.0,0.0
CYSTRSm,0.0,0.0
CYTDH,0.0,0.0
CYTDK1,0.0,0.0
DADA,0.0,0.0
DALAOX,0.0,0.0
DALAxt,0.0,0.0
DDPGA,0.0,0.0
DESAT18_10,0.0,0.0
DHAD1,0.0,0.0
DHAD2,0.0,0.0
DHPPDA2,0.0,0.0
DHPS,0.0,2.873664564986833e-08
DOLASNT,0.0,0.0
DOLPGT1,0.0,0.0
DOLPGT2,0.0,0.0
DOLPGT3,0.0,0.0
DOLPHer,0.0,0.0
DOLPMT1,0.0,0.0
DOLPMT2,0.0,0.0
DOLPMT3,0.0,0.0
DOLPMT4,0.0,0.0
EAR100ym,0.0,0.0
EAR120ym,0.0,0.0
EAR140ym,0.0,0.0
EAR160ym,0.0,0.0
EAR180xm,0.0,0.0
EAR40ym,0.0,0.0
EAR60ym,0.0,0.0
EAR80ym,0.0,0.0
ECOAH1,0.0,0.0
ECOAH12m,0.0,0.0
ECOAH1x,0.0,0.0
ECOAH2p,0.0,0.0
ECOAH3x,0.0,0.0
ECOAH9ir,0.0,0.0
ETFQO,0.0,0.0
FACOAE160,0.0,0.0
FACOAE180,0.0,2.2505726533523368e-07
FACOAL180,0.0,0.0
FACOAL183,0.0,0.0
FADDP,-2.653936432772566e-08,-2.8736645649429042e-08
FALDH2,0.0,0.0
FALGTHLs,0.0,0.0
FEROc,0.0,0.0
FOLD3,0.0,0.0
FOMETR,0.0,0.0
FRDO,0.0,0.0
FTCD,0.0,0.0
FTHFDH,0.0,0.0
FTHFDHm,0.0,0.0
G12MT1,0.0,0.0
G12MT2,0.0,0.0
G13MT,0.0,0.0
G16MT,0.0,0.0
GHMT3,0.0,0.0
GLCNACPT,0.0,0.0
GLCNACT,0.0,0.0
GLNtm,0.0,5.747329145933122e-08
GLNTRAT,0.0,0.0
GLNTRATm,0.0,0.0
GLNTRSm,0.0,0.0
GluForTx,0.0,0.0
GLUSy,0.0,0.0
GLUTCOADHc,0.0,0.0
GLYO,0.0,0.0
GLYtm,5.927792898159992e-05,0.0001912380553677328
GLYTRSm,0.0,0.0
GNK,0.0,0.0
GPDDA2,0.0,0.0
GPIMTer,0.0,0.0
GTHRDHpp,-2.653936432772566e-08,0.0
GUACYC,0.0,0.0
H2ETer,0.0,0.0
H5MTer,0.0,0.0
H6ET3er,0.0,0.0
H6MTer,0.0,0.0
H6MTg,0.0,0.0
HACD1,0.0,0.0
HACD1x,0.0,0.0
HACD2x,0.0,0.0
HACD3x,0.0,0.0
HACD9m,0.0,0.0
HACDp20,0.0,0.0
HACDp22,0.0,0.0
HACDp24,0.0,0.0
HIBDm,0.0,0.0
HISD,0.0,0.0
HMGLm,0.0,0.0
HSERTAm,0.0010494995014804689,0.0007480513950471588
HXAND,0.0,0.0
IZPN,0.0,0.0
KAS14m,0.0,0.0
KATp20,0.0,0.0
KATp22,0.0,0.0
KATp24,0.0,0.0
KYNAKGAT,0.0,0.0
LFORKYNHYD,0.0,0.0
LPASE,0.0,0.0
lplipa2,0.0,0.0
LTA4H,0.0,0.0
LYSMTF1n,0.0,0.0
LYSMTF2n,0.0,0.0
LYSMTF3n,0.0,0.0
M4BET2er,0.0,0.0
M4CET3er,0.0,0.0
MAN1PT2,0.011695399573835528,0.010929816534699545
MAOX,0.0,0.0
MCCCrm,0.0,0.0
MCITD,0.0,0.0
ME1,0.0,0.0
MG1er,0.0,0.0
MG2er,0.0,0.0
MG3er,0.0,0.0
MGCHrm,0.0,0.0
MI13PP,0.0,0.0
MI145P6Kc,0.0,0.0
MI145PP,0.0,0.0
MI14PP,0.0,0.0
MI3PP,5.472345028949947e-05,3.830571703332497e-05
MI4PP,0.0,0.0
MICITDm,0.0,0.0
MM8Ber,0.0,0.0
MMSAD3,0.013733737198297092,0.04472483726155946
MMTSAO,0.0,0.0
MTAN,0.0,0.0
MTRK,0.0,0.0
NADDP,0.0,0.0
NADDPm,0.0,0.0
NADS2m,0.0,5.747329145933122e-08
NICRNS,0.0,0.0
NICRNSm,5.3078728523558993e-08,5.747329145933122e-08
NODOx,0.0,0.0
NP1,0.0,0.0
NTP1,0.0,0.0
NTP1er,0.0,0.0
NTP1g,0.0,0.0
NTP1m,0.0,0.0
NTP3v,0.0,0.0
NTPP1,0.0,0.0
OPAHir,0.0,0.0
P5CRm,0.003526191828322446,0.0035696102381975064
PCLAD,0.0,0.0
PDHa1,0.24930044918048488,0.2364457991996842
PDHa2,0.24635118194445024,0.23229328435888427
PI4PP,0.0,0.0
PIACGT,0.0,0.0
PIPLC,0.0,0.0
pla2_2,0.0,0.0
plipa2,0.0,0.0
PPAtm,0.0,0.0
PPItx,0.0,0.0
PPNCL3,0.0,0.0
PROAKGOX1r,0.0,0.0
PROTRSm,0.0,0.0
PUTA3,-0.003526191828322446,-0.0035696102381975064
SBTPD,0.0,0.0
SERTRSm,0.0,0.0
SPMDOX,0.0,0.0
SPODM,0.0,0.0
SPODMm,0.0,0.0
St,0.0,0.0
SUCCtp,0.0,0.0
THFtm,5.906561406697876e-05,0.00019100816220253732
TMABADH,0.0,0.0
TMLYSOX,0.0,0.0
TRPS2,0.0,0.0
TRPS3r,0.0,0.0
UDPDOLPT,0.0,0.0
UDPGP,0.0,0.0
URCN,0.0,0.0
UREAt,0.0,0.0
VALt5m,0.0,0.0
VPAMT,0.0,0.0
XAND,0.0,0.0
XAO2,0.0,0.0
ABTDG,0.0,0.0
ASNtm,0.0,0.0
3HBCOAHLm,0.0,0.0
GLNFRDOX,0.0,0.0
FCYTB5R,0.0008421505312642651,0.003458278438862028
NADHKm,0.0,0.0
OSUCCCL,0.0,0.0
OSUCCCLm,0.0,0.0
ACOAO20p,0.0,0.0
ACOAO22p,0.0,0.0
ACOAO24p,0.0,0.0
ACOAO04p,0.0,0.0
ACOAO06p,0.0,0.0
ACOAO08p,0.0,0.0
GTP89H,2.6539364327265308e-08,0.0
ICLx,0.0,0.0
PAPSH,0.0,0.0
TRNAALAMET,0.0,0.0
TRNAGUAMETc,0.0,0.0
TRNAGUAMETm,0.0,0.0
AKGDH1,0.0,0.0
TRPOX,0.0,0.0
ETHAMPPL,0.0,0.0
SO3FDXRD,0.0,0.0
CYSTH2SS,0.0009817789259495837,0.00015946665375655755
FOLR,0.0,0.0
NFORAH,0.0,0.0
E3MMALOR,0.0029492672360346313,0.004152514840799914
DOLPPP,0.0,0.0
TRNADMPPT,0.0,0.0
HISTD,0.001518953771954764,0.0017517904721501437
INOSTK1,0.0,0.0
PCH,0.0,0.0
AGL_PP,0.0,0.0
PAL_PP,0.0,0.0
BDGLC1R,0.0,0.0
GLCISO,0.0,0.0
HYPTAURDH,0.0,0.0
HXDCALOR,0.0,0.0
DHORDm,0.0,0.0
ICDOXSUC,0.0,0.0
ICDOXSUCm,0.0,0.0
2OXOADOX,0.0,0.0
PGH,0.0,0.0
PETH,0.0,0.0
PEH,0.0,0.0
URATEHO,0.0,0.0
OLIGOPK,0.0,0.0
FCYTDESAT18,0.0008421505312642651,0.003458278438862028
FAOXC183806x,0.0,0.0
FOLR2m,0.0,0.0
CHTNDAe,0.0,0.0
NARGNHOX,0.0,0.0
FICYTCS,0.0,0.0
4HPHACR,0.0,0.0
PDHbrm,0.24635118194445024,0.23229328435888424
GALURUT,0.0,0.0
3OASTO,0.0,0.0
3M2OBLOXRD3,0.0,0.0
ECOAH9p,0.0,0.0
ECOAH10p,0.0,0.0
ECOAH12p,0.0,0.0
SBTK6,0.0,0.0
GGLUCTC,0.0,0.0
HISTD1,0.001518953771954764,0.0017517904721501437
RNAUUM,0.0,0.0
TRNAPSURI,0.0,0.0
TRNAPSURIm,0.0,0.0
4NPHPP,0.0,0.0
PTPPALDHT,0.0,0.0
MCPSULT,0.0,0.0
ARDENDR,0.0,0.0
13DAMPPO,0.0,0.0
ACOAD10NADm,0.0,0.0
3MOPDH3,0.0,0.0
AKGDH2,0.0,0.0
LANOSTD24,0.0,0.0
ARGTRNATR,0.0,0.0
CITCONH,0.0029492672360346313,0.004152514840799914
E3MMALH,0.0029492672360346313,0.004152514840799914
ALLTNISOR,0.0,0.0
4MOPDH3,0.0,0.0
GLUAATRANS,0.0,0.0
ASPTRNAQL,0.0,0.0
ASPTRNAQLm,0.0,0.0
NTMELYSH,0.0,0.0
LPEAT_PP,0.0,0.0
OXPTPH,2.6539364327265308e-08,0.0
ALACPYRL,0.0029492672360346313,0.004152514840799914
4HTHBDH,0.0,0.0
BTNCBXLH,0.0,0.0
UPPDC2,0.0,0.0
FAPTPAH,2.6539364327265308e-08,0.0
25DAPTPM,2.6539364327265308e-08,0.0
3H3M2OPR,0.0029492672360346313,0.004152514840799914
3H3M2OPS,0.0029492672360346313,0.004152514840799914
BTNAPOCL,0.0,0.0
DHDPP,0.0,0.0
GPIAT,0.0,0.0
CERASE224,0.0,0.0
CERASE226,0.0,0.0
5HIURATEH,0.0,0.0
OHCUREIMDZLNCAR,0.0,0.0
PAOX,0.0,0.0
4HPHACS,0.0,0.0
MI3PS,5.472345028949947e-05,3.830571703332497e-05
DKMPPDb,0.0,0.0
DKMPPDa,0.0,0.0
CITMALS,0.0029492672360346313,0.004152514840799914
CYSST,0.0,0.0
4MOPDH1,0.0,0.0
4MOPDH2,0.0,0.0
3MOPDH1,0.0,0.0
3MOPDH2,0.0,0.0
OGLYCOS,0.0,0.0
OACPN6OT,0.0,0.0
PN6OLST,0.0,0.0
OACPSST,0.0,0.0
LPACPN6LPT,0.0,0.0
LPTAYYLT,0.0,0.0
LPPROTL,0.0,0.0
SERSECTRSm,0.0,0.0
SERSECTRS,0.0,0.0
APCADVS,0.0,0.0
SLD,0.0,0.0
DOLPMT5,0.0,0.0
IND3ACS,0.0,0.0
16MANASE,0.0,0.0
AGPGAT,0.0,0.0
AGPGS,0.0,0.0
MLCLPNAT,0.0,0.0
CLPNAH,0.0,0.0
DAHSS,0.0,0.0
Coq1,0.0,0.0
TRNADHUS,0.0,0.0
STEROLS,0.0,0.0008491448896241088
GLYCERIDES,0.0,0.0012956319004084175
LIPIDS,0.0,0.0017816720302646007
PI1456PP,0.0,0.0
ALTOX,0.0,0.0
G15LACH,0.0,0.0
L_LACDm,0.0,0.0
PMTCOAtr,0.0,0.0
ACter,0.0,0.0
PIt2er,0.0,0.0
ATPter,0.0,0.0
ADPter,0.0,0.0
PTD1INOter,0.0,0.0
CDPter,0.0,0.0
UDPGLCtr,0.0,0.0
CTPter,0.0,0.0
ATPter_H,0.0,0.0
GDPMANter,0.0,0.0
H2O2ter,0.0,0.0
LCYSTINter,0.0,0.0
UMPter,0.0,0.0
NO3t,0.0,0.0
ACPt,0.0,0.0
CHITINt,0.0,0.0
CHITOSt,0.0,0.0
D_LACt,0.0,0.0
growth,0.026539364327725662,0.028736645649429043
L_LACt,0.0,0.0
PIt2g,0.0,0.0
ATPtg_H,0.0,0.0
GTHOXtm,0.0,0.0
H2Stm,0.0,0.0
NCAMtm,-5.3078728523558993e-08,0.0
ACHMStm,-0.0010494995014804689,-0.0007480513950471588
HOMtm,-0.0010494995014804689,-0.0007480513950471588
OROTtm,0.0,0.0
METtm,0.0,0.0
TRPtm,0.0,0.0
TYRtm,0.0,0.0
CYStm,0.0,0.0
Stm,0.0,0.0
1PYR5Ctm,0.003526191828322446,0.0035696102381975064
4MOPtm,-0.005218811500427792,-0.006637445607691085
METHFtm,0.0,0.0
GTHRDtm,0.0,0.0
ACSERtm,0.0,0.0
ACORNtm,0.0,0.0
ACACtm,0.0,0.0
NADtm,0.0,-5.747329124942968e-08
MALSUCCtm,0.0,0.0
AKGMALtm,0.3270520902550514,0.4459113440540113
FEt1m,2.653936432772566e-08,2.8736645649429042e-08
DHORtm,0.0,0.0
THRtm,0.0,0.0
2HETHPPtm,0.0,0.0
2MOPtm,0.0,0.0
ACCOAtm,0.0,0.0
ALACtm,0.0,0.0
CBPtm,0.0,0.0
CPPPG3tm,0.0,0.0
HCITtm,0.0,0.0
LCADtm,0.0,0.0
LKYNRtm,0.0,0.0
SERtm,0.0,0.0
TTC_GGDPtm,0.0,0.0
23DHMPtm,0.0,0.0
CRNCAR8tp,0.0,0.0
B2COAtp,0.0,0.0
CITtp,0.0,0.0
AKGMALtp,0.0,0.0
FA183COAabcp,0.0,0.0
FA240COAabcp,0.0,0.0
FA260COAabcp,0.0,0.0
DHAtv,0.0,0.0
GTPGDPtv,0.0,0.0
MANtv,0.0,0.0
GTPtv,0.0,0.0
DHAPtv,0.0,0.0
ODCALOR,0.0,0.0
34HPPOR,0.0,0.0
ASPGLUtp,0.0,0.0
CO2tg,0.0,0.0
CRNCARtp,0.0,0.0
DHFtm,0.0,0.0
FLDO,0.0,0.0
FTHFCLm,0.0,0.0
FUMAC,0.0,0.0
G5SADsm,0.003526191828322446,0.0035696102381975064
GLUN,0.0,0.0
HGNTOR,0.0,0.0
MACACI,0.0,0.0
NADN,-5.3078728523558993e-08,0.0
NADPPPS,-2.653936433810733e-08,-2.8736645587418286e-08
NH4tp,0.0,0.0
NTD1,0.0,0.0
NTD11,0.0,0.0
NTD6,0.0,0.0
NTD8,0.0,0.0
NTD9,0.0,0.0
NTP3,0.0,0.0
P5CDm,0.0,0.0
PEtg_SC,0.0,0.0
PROtm,0.0,0.0
PStg_SC,0.0,0.0
QULNS,0.0,0.0
SERAT,0.0,0.0
PHOSPHOLIPIDS,0.0,0.0003654209334072696
PROTEINS,0.0,0.010632558890288746
CARBOHYDRATES,0.0,0.010603822244639316
RNA,0.0011622267264536615,0.001896618612862317
DNA,0.00021218986767832822,3.7357639344257754e-05
COF,0.026539364327725662,0.028736645649429043
Consensus,0.0,0.028736645649429043
HEXDPtm,0.0,0.0
PItv,0.0,0.0
ACACT9p,0.0,0.0
ACOAO9p,0.0,0.0
CERS124,0.0,0.0
CERS126,5.20528035051626e-07,4.881670900684467e-06
CERS224,7.739520767845809e-07,6.954594314431473e-06
CERS226,0.0,0.0
FA182COAabcp,0.0,0.0
LGTHL,0.0,0.0
PDE1,0.0,0.0
PDE4,0.0,0.0
TREHe,0.0,0.0
PSERDv_PP,0.0,0.0
MNTt,0.0,0.0
METOHte,0.0,0.0
ACPtm,0.0,0.0
METOHtx,0.0,0.0
O2tx,0.0013602143398378631,0.0005144240949329984
PStv_PP,0.0,0.0
PEtv_PP,0.0,0.0
CDPDGPm_PP,1.4483604164680744e-05,5.04280888102032e-06
13BGH,0.0,0.0
13GS,0.057644861029877544,0.032500715179819506
2DHPtm,0.0,0.0
3C3HMPtm,-0.005218811500427792,-0.006637445607691085
3DSPHR,2.3871111452625316e-06,1.621483679695541e-05
3HAO,0.0,0.0
3MOBtm,-0.003773316393596986,-0.005503831417105726
3MOPtm,-0.0005236901623891232,0.0
4HBZtm,2.653936432759057e-08,2.873664564943465e-08
5AOPtm,-2.1231491462180528e-07,-2.2989316519543233e-07
AATA,0.004582891659326015,0.00601956666407489
ABTA,0.0,0.0
L_ABTt,0.0,0.0
ABUTDm,0.0,0.0
ACACT1,0.0,0.0
ACACT4p,0.0,0.0
ACACT5p,0.0,0.0
ACACT6p,0.0,0.0
ACACT7p,0.0,0.0
ACACT8p,0.0,0.0
ACALDtm,0.0,0.0
ACCOACr,0.008426312237501475,0.0347210936819337
ACGAM6PS,0.0023330953366977195,0.0021737835601510595
ACGAMPM,0.0023330953366977195,0.0021737835601510595
ACGKm,0.005877848368107623,0.007771009332033021
ACGSm,0.0,0.0
ACLSm,0.008992127894024779,0.01214127702479681
ACOAO4p,0.0,0.0
ACOAO5p,0.0,0.0
ACOAO6p,0.0,0.0
ACOAO7p,0.0,0.0
ACOAO8p,0.0,0.0
ACOATA,0.001074561889543735,0.004425496573721943
ACOATAm,0.0,0.0
ACONT,-2.6539364327265308e-08,0.0
ACONTm,0.22938344748529804,0.1998605151524417
ACOTAim,0.005877848368107623,0.007771009332033021
ACS,0.0010494995014804689,0.0007480513950471588
ACtm,0.0,0.0
ADCL,2.6539364327265308e-08,2.873664564986833e-08
ADCS,2.6539364327265308e-08,2.873664564986833e-08
ADK1m,0.0,5.747329145933122e-08
ADMDC,0.0,0.0
ADNCYC,0.0,0.0
ADNK1,0.000887065676559961,0.0015697360028356741
ADPT,0.0,0.0
ADSK,0.0020312784274300524,0.0009075180488037164
ADSL1r,0.002745150440035574,0.003459913087138407
ADSL2r,0.0021866805326489136,0.0030692803895394213
ADSS,0.002745150440035574,0.003459913087138407
AGAT_PP,0.0005118005961171036,0.0016660591006033667
AGPRim,0.005877848368107623,0.007771009332033021
AHCi,0.000887065676559961,0.0015697360028356741
AHCYStm,-7.96180929827717e-08,-8.620993694830395e-08
AICART,0.0037056343046036775,0.004821070861689565
AIRCr,0.0021866805326489136,0.0030692803895394213
AKGDbm,0.20242221410786018,0.16528223921333712
AKP1,2.6539364327265308e-08,0.0
ALASm,2.1231491462180528e-07,2.2989316519543233e-07
ALATA_L,-0.006206090829026881,-0.010047567462534261
ALATRS,0.0,0.0
ALCD19y,0.0,0.0
ALCD2x,0.0,0.0
ALDD19x,0.0,0.0
ALDD2xm,0.0,0.0
ALLTAHr,0.0,0.0
ALLTNr,0.0,0.0
ALLTNti,0.0,0.0
ALPHNH,0.0,0.0
AMETtm,7.96180929827717e-08,8.620993694830395e-08
AMID3,0.0,0.0
AMPDA,0.0,0.0
ANPRT,0.0018091167846838259,0.001339354615984369
ANS,0.0018091167846838259,0.001339354615984369
AP4AHr,0.0,0.0
ARGN,0.0,0.0
ARGSL,0.005877848368107623,0.006558897618540104
ARGSSr,0.005877848368107623,0.006558897618540104
ARGTRS,0.0,0.0
ARGTRSm,0.0,0.0
ASADi,0.005616951262190905,0.006320007173153883
ASNN,0.0,0.0
ASNS1,0.0036345372686296916,0.004194538807672173
ASNTRS,0.0,0.0
ASNTRSm,0.0,0.0
ASPCT,0.002133474503480311,0.0029799404394488162
ASPKi,0.005616951262190905,0.006320007173153883
ASPTA,0.2522107421757774,0.32389049578273116
ASPTAm,-0.29178743143586044,-0.3994095439420738
ASPTAp,0.0,0.0
ASPTRS,0.0,0.0
ASPTRSm,0.0,0.0
ATP2tp_H,0.0,0.0
ATPATF1,0.0,0.0
ATPM,0.65,0.69
ATPPRT,0.001518953771954764,0.0017517904721501437
ATPS3m,3.388064567810206,3.2599298499598364
ATPS3v,0.0,0.0
ATPtp_H,0.0,0.0
BACCL,0.0,0.0
BPNT,0.0020312784274300524,0.0009075180488037164
BTSr,0.0,0.0
C14STR,0.00033978225715135274,0.0010518863920797633
C22STDS,0.0,0.0
C24STRer,0.00033978225715135274,0.0009789488370064003
C3STDH1,0.00033978225715135274,0.0010518863920797633
C3STKR1,0.00033978225715135274,0.0010518863920797633
C4STMO1,0.00033978225715135274,0.0010518863920797633
C5STDS,0.00033978225715135274,0.0009789488370064003
C8STI,0.00033978225715135274,0.0009954390668490737
CATp,0.0013602143398378631,0.0005144240949329984
CBPS,0.008011322871587935,0.00953883805798892
CHLPCTD,0.0,0.0
CHOLK,0.0,0.0
CHORM,0.004206236521420613,0.00504633404687472
CHORS,0.006015406384833093,0.006385746136150389
CHRPL,2.653936432759057e-08,2.873664564943465e-08
CHTNS,0.0023330953366977195,0.0021737835601510595
CITtam,0.006015432924197421,0.005854318056718655
CITtcm,0.0,0.0
CLPNSm_PP,0.0,5.04280888102032e-06
CO2t,-0.748891957876336,-0.7508722708999387
CO2tm,-0.7026277359130666,-0.6329523219826634
CO2tv,0.0,0.0
CPPPGO,2.653936432772566e-08,2.8736645649429042e-08
CRNCARtm,0.0,0.0
CSm,0.22938342094593372,0.19986051515244166
CSNATm,0.0,0.0
CSNATp,0.0,0.0
CSNATr,0.0,0.0
CSND,0.0,0.0
CSp,0.0,0.0
CTPS1,0.000903515057145074,0.0014744313096391667
CYSS,0.0,0.0
CYSTGL,0.0,0.0
CYSTL,0.0,0.0
CYSTRS,0.0,0.0
CYSTS,0.0,0.0
CYTD,0.0,0.0
CYTDK2,0.0,0.0
CYTK1,-0.0004348870114430515,-0.0010928168040963886
CYTK2,0.0,0.0
DADK,-0.00020295960843432094,-3.573258203278254e-05
DAGCPT_PP,0.0,0.0
DAGPYP_PP,4.426780872770909e-05,0.001279872654966321
DAGPYPer_PP,0.0,0.0
DB4PS,1.0615745731090264e-07,1.1494658259771617e-07
DCMPDA,-0.00014161551768851626,-2.4932488498357624e-05
DDPA,0.0,0.0005314280794317342
DGK1,-0.00014161551768851626,-2.4932488498357624e-05
DHAD1m,0.008992127894024779,0.01214127702479681
DHAD2m,0.0029492672360346313,0.004152514840799914
DHAK,0.0,0.0
DHAPtm,0.0,0.0
DHFRi,0.0002029861477986482,3.576131867843241e-05
DHFS,2.6539364327265308e-08,2.873664564986833e-08
DHNPAm,2.6539364327265308e-08,0.0
DHORTS,-0.002133474503480311,-0.0029799404394488162
DHQS,0.006015406384833093,0.006385746136150389
DHQTi,0.006015406384833093,0.006385746136150389
DIPS,0.0,0.0
D_LACDm,0.0,0.0
D_LACt2,0.0,0.0
DMATT,0.0006795910536670331,0.0021141607677576247
DOLPMTcer,0.011695249979475356,0.010921936911978496
DPCOAK,1.095258312629535e-06,4.474888159008983e-06
DPMVD,0.0020388527790940816,0.0063425685132098225
DPR,1.095258312629535e-06,4.417414867549652e-06
DTMPK,0.0,0.0
DURIPP,0.0,0.0
DUTPDP,0.0,0.0
ECOAH11p,0.0,0.0
ECOAH4p,0.0,0.0
ECOAH5p,0.0,0.0
ECOAH6p,0.0,0.0
ECOAH7p,0.0,0.0
ECOAH8p,0.0,0.0
EHGLAT,0.0,0.0
ENO,0.34239016155149316,0.3833699786320309
ETHAK,0.0,0.0
ETHAPT_PP,0.0,0.0
ETOHt,0.0,0.0
ETOHtm,0.0,0.0
FA120ACPH,0.0,0.0
FA140ACPH,0.0,0.0
FA140COAabcp,0.0,0.0
FA160ACPH,1.3598539661360905e-07,5.055449202673117e-08
FA160COAabcp,0.0,0.0
FA180ACPH,2.4090306699624574e-07,-5.0554492026649855e-08
FA180COAabcp,0.0,0.0
FA181COAabcp,0.0,0.0
FACOAL160,0.0,0.0
FACOAL181,0.0,0.0
FACOAL182,0.0,0.0
FADFMNtm,0.0,0.0
FBA,0.1698027380565476,0.18433248117540232
FBP,0.0,0.0
FBP26,0.0,0.0
FCLTm,2.653936432772566e-08,2.8736645649429042e-08
FDH,0.0,0.00105205881195366
FE2t,2.653936432772566e-08,2.8736645649429042e-08
FKYNH,0.0,0.0
FMETTRSm,0.0,0.0
FMNAT,0.0,0.0
FORt,0.0,0.0
FRTT,2.653936432759057e-08,2.873664564943465e-08
FTHFCL,0.0,0.0
FTHFLi,0.00033996803270164636,0.0
FUM,0.010809652801427816,0.013088091095217934
FUMm,0.20242200179294556,0.16528200932017192
G3PD1ir,0.0005262842002817843,0.001671101909484387
G3PD1irm,0.0,0.0
G3PDm,0.0,0.0
G3PT,0.0,0.0
G5SADr,0.0,0.0
G5SD,0.0,0.0
G6PDH2,0.07318976412158826,0.12111506582219152
GALU,0.0752651749460901,0.051495732591337745
GAPD,0.3587251818980629,0.40140091261936645
GARFTi,0.0021866805326489136,0.0030692803895394213
GAT2_PP,0.0,0.0
GCCam,0.0,0.0
GCCbim,0.0,0.0
GCCcm,0.0,0.0
GF6PTA,0.0023330953366977195,0.0021737835601510595
GHMT2r,0.007633901235271346,0.010057280483809614
GHMT2rm,0.0,0.0
GK1,0.0,0.0
GLCGSD,0.0,0.0
GLCP,0.0,0.0
GLCS2,0.00959336421138377,0.01875816155076695
GLCtv,0.0,0.0
GLNS,0.029123822415093363,0.035102927084100295
GLNTRS,0.0,0.0
GLPT,0.0,0.0
GLU5K,0.0,0.0
GLUCYS,0.0,2.8736645649429042e-08
GLUDC,0.0,0.0
GLUDxi,0.0,0.0
GLUDyi,0.10347152680737626,0.13032906325261942
GLUPRT,0.0021866805326489136,0.0030692803895394213
GLUSx,0.0,0.0
GLUTRS,0.0,0.0
GLUTRSm,0.0,0.0
GLYC3Ptmc,1.4483604164680744e-05,5.04280888102032e-06
GLYCt,0.0,0.0
GLYK,0.0,0.0
GLYOX,0.0,0.0
GLYTRS,0.0,0.0
GMPS2,0.0009604838645681035,0.0013611577745511587
GND,0.07318976412158826,0.12111506582219152
GPDDA1,0.0,0.0
GRTT,0.0006795910536670331,0.0021141607677576247
GTHO,0.0,0.0
GTHOm,0.0,0.0
GTHPm,0.0,0.0
GTHS,0.0,2.8736645649429042e-08
GTPCII,5.307872865545132e-08,5.7473291298858084e-08
GTPH1,0.0,0.0
GUAD,0.0,0.0
GUAPRT,0.0,0.0
H2Ot,-1.0702841399746337,-1.1085583029723982
H2Otm,-4.426038161471236,-4.278752048220927
H2Otp,0.0027204286796757263,0.0010288481898659968
H2Otv,0.0,0.0
HACD10p,0.0,0.0
HACD4p,0.0,0.0
HACD5p,0.0,0.0
HACD6p,0.0,0.0
HACD7p,0.0,0.0
HACD8p,0.0,0.0
HACNHm,0.004582891659326015,0.00601956666407489
HCITSm,0.004582891659326015,0.00601956666407489
HCYSMT,0.0,0.0
HETZK,0.0,0.0
HEX1,0.2986782365328121,0.29779732822992355
HEX4,0.0,0.0
HEX7,0.0,0.0
HISTP,0.001518953771954764,0.0017517904721501437
HISTRS,0.0,0.0
HISTRSm,0.0,0.0
HKYNH,0.0,0.0
HMBS,2.653936432772566e-08,2.8736645649429042e-08
HMGCOAR,-0.0020388527790940816,-0.0063425685132098225
HMGCOAS,0.0,0.0
HMGCOAtm,-0.0020388527790940816,-0.0063425685132098225
HPPKm,0.0,0.0
HPROa,0.0,0.0
HSDxi,0.005616951262190905,0.006320007173153883
HSDyi,0.0,0.0
HSERTA,0.0,0.0
HSK,0.004567451760710436,0.005571955778106724
HSTPT,0.001518953771954764,0.0017517904721501437
HXPRT,0.0,0.0
ICDHy,0.0,0.0
ICL,-2.6539364327265308e-08,0.0
GCALDD,2.6539364327265308e-08,0.0
GLYCLTDy,-2.6539364327265308e-08,0.0
IG3PS,0.001518953771954764,0.0017517904721501437
IGPDH,0.001518953771954764,0.0017517904721501437
IGPS,0.0018091167846838259,0.001339354615984369
ILETA,-0.0005236901623891232,0.0
ILETRS,0.0,0.0
ILETRSm,0.0,0.0
IMPC,-0.0037056343046036775,-0.004821070861689565
IMPD,0.0009604838645681035,0.0013611577745511587
IPDDI,0.0006795910536670331,0.0021141607677576247
IPMD,0.005218811500427792,0.006637445607691085
IPPMIa,-0.005218811500427792,-0.006637445607691085
IPPMIb,-0.005218811500427792,-0.006637445607691085
IPPS,0.0,0.0
KARA1im,0.008992127894024779,0.01214127702479681
KYN,0.0,0.0
KYN3OX,0.0,0.0
LEUTA,-0.005218811500427792,-0.006637445607691085
LEUTRS,0.0,0.0
LEUTRSm,0.0,0.0
LNS14DM,0.0,0.0
LNSTLS,0.00033978225715135274,0.0010570660155559877
LYSTRS,0.0,0.0
LYSTRSm,0.0,0.0
MALS,0.0,0.0
MALSp,0.0,0.0
MALtm,0.0,0.0
MAN1PT,0.0,0.0
MAN6PI,-0.011695399573835528,-0.010929816534699545
MCITDm,0.004582891659326015,0.00601956666407489
MCOATA,0.005372809447718676,0.02212743231411769
MCOATAm,0.0,0.0
MDH,-0.31022700452942614,-0.42696893490207477
MDHm,0.5211708523817942,0.5992700590945155
MDHp,0.0,0.0
MDRPD,0.0,0.0
ME1m,0.0,0.00606897622294908
METAT,0.000887065676559961,0.0015697360028356741
METS,0.00193656517804043,0.002317787397882833
METTRS,0.0,0.0
METTRSm,0.0,0.0
MEVK1,0.0016039657676510301,0.005249751709113434
MI1PP,-6.413901593661088e-08,0.0
MOHMT,1.095258312629535e-06,4.417414867549652e-06
MTHFD,0.005493281190483966,0.0076993430890264485
MTHFD2i,0.0,0.0
MTHFDm,5.906561406697876e-05,0.00019100816220253732
MTHFR3,0.00193656517804043,0.002317787397882833
MTRI,0.0,0.0
NADK,0.0,0.0
NADKm,0.0,0.0
NADS1,0.0,0.0
NAPRT,0.0,0.0
NAPRTm,-5.3078728523558993e-08,0.0
NDP3,0.0,0.0
NDPK1,0.0027452300581285566,0.003459970560429706
NDPK2,0.07850178533993289,0.055143947461127975
NDPK3,0.0,0.0
NDPK4,0.0,0.0
NDPK5,0.0,0.0
NDPK6,0.0,0.0
NDPK7,0.0,0.0
NDPK8,0.0,0.0
NH4t,0.13358130802577878,0.1667401735527808
NH4tm,-5.90125353384552e-05,-0.00019100816220253732
NMNAT,0.0,0.0
NMNATm,0.0,0.0
NNAMr,0.0,0.0
NNAMrm,-5.3078728523558993e-08,0.0
NNAT,0.0,0.0
NNATm,0.0,5.747329145933122e-08
NNDPR,0.0,0.0
NTD4,0.0,0.0
NTRLASE,0.0,0.0
O2t,0.7387094583832561,0.7114620958619791
O2tm,0.7343646163796427,0.6927960022260317
OAAt2m,0.0,0.0
OCBTi,0.005877848368107623,0.006558897618540104
OCDCEAt,0.0,0.0
OMCDC,0.0,0.0
OMPDC,0.002133474503480311,0.0029799404394488162
ORNDC,0.0,0.0
ORNt3m,0.005877848368107623,0.007771009332033021
ORNTA,0.0,0.0
ORNTACim,0.005877848368107623,0.007771009332033021
ORPT,-0.002133474503480311,-0.0029799404394488162
PANTS,1.095258312629535e-06,4.417414867549652e-06
PAPSR,0.0020312784274300524,0.0009075180488037164
PC,0.058016262353648755,0.10307843911934358
PDHcm,0.4487733960523104,0.3975755235722214
PETHCT,0.0,0.0
PETOHM_PP,0.00018230112893958555,0.0001851222448641228
PFK,0.1698027380565476,0.18433248117540232
PFK26,0.0,0.0
PGCD,0.016335020346569754,0.01803093398733549
PGI,0.14214208018111651,0.1249149400099789
PGK,-0.3587251818980629,-0.40140091261936645
PGL,0.07318976412158826,0.12111506582219152
PGM,-0.34239016155149316,-0.3833699786320309
PGMT,-0.0752651749460901,-0.051495732591337745
PGPPAm_PP,1.4483604164680744e-05,5.04280888102032e-06
PHCDm,0.0,0.0
PHETA1,-0.002363683727894458,-0.0029824270941792557
PHETRS,0.0,0.0
PHETRSm,0.0,0.0
PI45BPP_PP,0.0,0.0
PI45BP5P,0.0,0.0
PIN3K_PP,0.0,0.0
PINOS_PP,5.465931127356286e-05,3.830571703332497e-05
PIt2r,0.004789995557883536,0.006444328314296532
PMANM,-0.011695399573835528,-0.010929816534699545
PMDPHT,5.307872865545132e-08,5.7473291298858084e-08
PMEVK,0.0020388527790940816,0.0063425685132098225
PMPK,0.0,0.0
PNTK,1.095258312629535e-06,4.417414867549652e-06
PPA,0.10625296372343894,0.09173661050749998
PPAm,1.4483604164812366e-05,1.020056434479884e-05
PPBNGS,1.0615745731090264e-07,1.1494658259771617e-07
PPCDC,1.095258312629535e-06,4.417414867549652e-06
PPCK,0.0,0.0
PPM,0.0,0.0
PPND2,0.0018425527935261546,0.002063906952695464
PPNDH,0.002363683727894458,0.0029824270941792557
PPPG9tm,2.653936432772566e-08,2.8736645649429042e-08
PPPGOm,1.326968216386283e-08,1.4368322824714521e-08
PRAGSr,0.0021866805326489136,0.0030692803895394213
PRAIi,0.0018091167846838259,0.001339354615984369
PRAIS,0.0021866805326489136,0.0030692803895394213
PRAMPC,0.001518953771954764,0.0017517904721501437
PRASCS,0.0021866805326489136,0.0030692803895394213
PRATPP,0.001518953771954764,0.0017517904721501437
PRFGS,0.0021866805326489136,0.0030692803895394213
PRMICIi,0.001518953771954764,0.0017517904721501437
PRO1xm,0.0,0.0
PROTRS,0.0,0.0
PRPPS,0.007648172514039291,0.00914036591712275
PSCVTi,0.006015406384833093,0.006385746136150389
PSERT,0.016335020346569754,0.01803093398733549
PSP_L,0.016335020346569754,0.01803093398733549
PSPHS,7.739520767845809e-07,6.954594314431473e-06
PTPATi,1.095258312629535e-06,4.474888159008983e-06
PUNP1,0.0,0.0
PUNP2,0.0,0.0
PUNP3,0.0,0.0
PUNP4,0.0,0.0
PUNP5,0.0,0.0
PUNP6,0.0,0.0
PYK,0.330359348781827,0.3705984863597308
PYRDC,0.0,0.0
RBFK,5.307872865545132e-08,5.7473291298858084e-08
RBFSa,1.0615745731090264e-07,1.1494658259771617e-07
RBFSb,5.307872865545132e-08,5.7473291298858084e-08
RBK,0.0,0.0
RNDR1,6.1264472652822e-05,1.0742620243126061e-05
RNDR2,0.00014161551768851626,2.4932488498357624e-05
RNDR3,0.0,0.0
RNDR4,0.0003445751261228372,6.066507053114016e-05
RPE,0.0416891527859644,0.07252114126027398
RPI,-0.03150050517816655,-0.04859380961533494
SACCD1,0.004582891659326015,0.00601956666407489
SACCD2,0.004582891659326015,0.00601956666407489
SADT,0.0,0.0
SAM24MT,0.00033978225715135274,0.001011929296691747
SBPP1er,0.0,0.0
SBT_Dt,0.0,0.0
SERD_L,0.0,0.0
SERPT,2.3871111452625316e-06,1.621483679695541e-05
SERTRS,0.0,0.0
SFGTH,0.0,0.0
SHCHF,0.0,0.0
SHK3D,0.006015406384833093,0.006385746136150389
SHKK,0.006015406384833093,0.006385746136150389
SLCBK1,3.106941193029884e-07,2.2505726533568414e-07
SLCBK2,0.0,0.0
SO4ti,0.0020312784274300524,0.0009075180488037164
SPMS,0.0,0.0
SPRMS,0.0,0.0
SQLErx,0.00033978225715135274,0.0010570660155559877
SQLEr,0.0,0.0
SQLS,0.00033978225715135274,0.0010570660155559877
SSALy,0.0,0.0
SUCCtm,0.0,0.0
SUCD1m,0.0,0.0
SUCD3_u6m,0.0,0.0
SUCFUMtm,0.0,0.0
SUCOASm,-0.20242200179294556,-0.16528200932017192
SULR,-0.0020312784274300524,-0.0009075180488037164
TALA,0.023852279585398744,0.03945344369821219
TAUDO,0.0,0.0
THFATm,0.0,0.0
THFGLUS,0.0,0.0
THMP,0.0,0.0
THRAi,0.0,0.0
THRD_L,0.0,0.0
THRS,0.004567451760710436,0.005571955778106724
THRTRS,0.0,0.0
THRTRSm,0.0,0.0
TKT1,0.023852279585398744,0.03945344369821219
TKT2,0.01783687320056565,0.03306769756206179
TMDPK,0.0,0.0
TMDS,0.00020295960843432094,3.573258203278254e-05
TMPPP,0.0,0.0
TPI,0.16927645385626583,0.18266137926591794
TRDR,0.0,0.0
TRE6PP,0.008026493833727756,0.00023328408938206495
TRE6PS,0.008026493833727756,0.00023328408938206495
TREH,0.0,0.0
TREt2v,0.0,0.0
TRIGS_PP,3.251522876055151e-05,0.0008486388947675135
TRPO2,0.0,0.0
TRPS1,0.0018091167846838259,0.001339354615984369
TRPTRS,0.0,0.0
TRPTRSm,0.0,0.0
TYRTAi,0.0018425527935261546,0.002063906952695464
TYRTRS,0.0,0.0
TYRTRSm,0.0,0.0
UDPACGLP,0.0023330953366977195,0.0021737835601510595
UGLYCHr,0.0,0.0
UMPK,0.0012480901832679116,0.0015350963801703031
UNK3,0.0,0.0
UPP3MT,0.0,0.0
UPP3S,2.653936432772566e-08,2.8736645649429042e-08
UPPDC1,2.653936432772566e-08,2.8736645649429042e-08
UPPRT,0.0,0.0
UREASE,0.0,0.0
URIDK2r,-0.0003445751261228372,-6.066507053114016e-05
URIK1,0.0,0.0
URIK2,0.0,0.0
VALTA,-0.0037722211352843563,-0.005499414002238176
VALTRS,0.0,0.0
VALTRSm,0.0,0.0
XYLK,0.0,0.0
CCP2m,0.0,0.0
CYOOm,0.7343645102221853,0.6927958872794491
L_LACD2cm,0.0,0.0
D_LACDcm,0.0,0.0
AGTi,0.0,0.0
MCITL2m,0.0,0.0
AOD,0.0,0.0
UTPH1,0.0,0.0
ACCOACrm,0.0,0.0
ALCD2irm,0.0,0.0
GAT1_PP,0.0005118005961171036,0.0016660591006033667
ALDD22x,0.0,0.0
MCITSm,0.0,0.0
PLD_PP,0.0,0.0
LPCAT_PP,0.0,0.0
PMETM_PP,0.00018230112893958555,0.0001851222448641228
TAGL_PP,0.0,0.0
PPYRDC,0.0,0.0
DAS,0.0,0.0
EPISTAT_PP,0.0,3.2435695645373106e-06
ERGSTAT_PP,1.2602527310146247e-05,0.00019255575472551306
FECOSTAT_PP,0.0,3.2435695645373106e-06
LANOSTAT_PP,0.0,1.0188135170662065e-06
ZYMSTAT_PP,0.0,7.859418560225022e-06
ZYMSTESTH_PP,0.0,0.0
DASYN_PP,0.00045304918322471374,0.00036711147291318614
PSERS_PP,0.0003983898719511509,0.0003288057558798612
PSERDg_PP,0.0,0.0
PSERDm_PP,0.000380682875293572,0.0003052361056750923
ERGSTGLCT,0.0,0.0
EPISTESTH_PP,0.0,0.0
ERGSTESTH_PP,0.0,0.0
FECOSTESTH_PP,0.0,0.0
LANOSTESTH_PP,0.0,0.0
2HMHMBQMTm,2.653936432759057e-08,2.873664564943465e-08
LALDO3,0.0,0.0
ADHAPR_PP,0.0,0.0
CYSTGS,0.0,0.0
PIN4K_PP,0.0,0.0
MFAPS_PP,0.00018230112893958555,0.0001851222448641228
PI4P5K_PP,0.0,0.0
3MOPDC,0.0,0.0
SHCHD,0.0,0.0
3DH5HPBMTm,2.653936432759057e-08,2.873664564943465e-08
2HP6MPMOm,2.653936432759057e-08,2.873664564943465e-08
2HPMBQMTm,2.653936432759057e-08,2.873664564943465e-08
2HPMMBQMOm,2.653936432759057e-08,2.873664564943465e-08
HBZOPT6m,2.653936432759057e-08,2.873664564943465e-08
3OPHB5Hm,2.653936432759057e-08,2.873664564943465e-08
3HPH5MBDCm,2.653936432759057e-08,2.873664564943465e-08
POLYAO3,0.0,0.0
ACtr,0.0,0.0
PYRt,0.0,0.0
ASPGLU2m,0.29178743143586044,0.3994095439420738
GTPt2m,0.0,0.0
2OBUTtm,0.0029492672360346313,0.004152514840799914
ALAtmi,0.0,0.0
2PHETOHtm,0.0,0.0
PStm_PP,0.000380682875293572,0.0003052361056750923
COAtim,0.0020388527790940487,0.006342625986501263
PEtm_PP,-0.000380682875293572,-0.0003052361056750923
UTPtm,0.0,0.0
ILEtmi,0.002425577073645508,0.004152514840799914
DHAtx,0.0,0.0
G3Ptx,0.0,0.0
FALDtx,0.0,0.0
XU5Ptx,0.0,0.0
HISt6,0.0,0.0
ILEt7,0.0,0.0
LCYSTintv,0.0,0.0
LEUt7,0.0,0.0
LYSt6,0.0,0.0
TYRt6,0.0,0.0
TYRt7,0.0,0.0
GLCNtv,0.0,0.0
ARGt6,0.0,0.0
ASNt7,0.0,0.0
ASPt7,0.0,0.0
GLNt7,0.0,0.0
GTHRDabcv,0.0,0.0
PIt5m,0.0,0.0
Ht,-0.13937575912565658,-0.20135992390530505
Ex_h2o,1.070284086895905,1.108558245499107
Ex_tre,0.0,0.0
Ex_glc_D,-0.2986782365328121,-0.29779732822992355
Ex_asn_L,0.0,0.0
Ex_nh4,-0.13358130802577878,-0.1667401735527808
Ex_asp_L,0.0,0.0
Ex_fmn,0.0,0.0
Ex_pi,-0.004789942479154881,-0.0064442708410052335
Ex_ribflv,0.0,0.0
Ex_thmpp,0.0,0.0
Ex_h,0.13458573702840873,0.19491556685436287
Ex_thm,0.0,0.0
Ex_pc_SC,0.0,0.0
Ex_faR,0.0,0.0
Ex_1agpc_SC,0.0,0.0
Ex_epistest_SC,0.0,0.0
Ex_epist,0.0,0.0
Ex_ergstest_SC,0.0,0.0
Ex_ergst,0.0,0.0
Ex_fecostest_SC,0.0,0.0
Ex_fecost,0.0,0.0
Ex_lanostest_SC,0.0,0.0
Ex_lanost,0.0,0.0
Ex_zymstest_SC,0.0,0.0
Ex_zymst,0.0,0.0
Ex_thmmp,0.0,0.0
Ex_chitin,0.0,0.0
Ex_chitos,0.0,0.0
Ex_ac,0.0,0.0
Ex_g3pc,0.0,0.0
Ex_13BDglcn,0.0,0.0
Ex_ptd1ino_SC,0.0,0.0
Ex_g3pi,0.0,0.0
Ex_alltn,0.0,0.0
Ex_o2,-0.7387094583832561,-0.7114620958619791
Ex_so4,-0.0020312784274300524,-0.0009075180488037164
Ex_no3,0.0,0.0
Ex_s,0.0,0.0
Ex_ocdcea,0.0,0.0
Ex_glyc,0.0,0.0
Ex_sbt_D,0.0,0.0
Ex_mnl,0.0,0.0
Ex_fe2,-2.653936432772566e-08,-2.8736645649429042e-08
Ex_co2,0.748891957876336,0.7508722708999387
Ex_lac_D,0.0,0.0
Ex_etoh,0.0,0.0
Ex_meoh,0.0,0.0
Ex_for,0.0,0.0
Ex_pyr,0.0,0.0
Ex_2hb,0.0,0.0
Ex_2mbac,0.0,0.0
Ex_2mbald,0.0,0.0
Ex_2mbtoh,0.0,0.0
Ex_2mppal,0.0,0.0
Ex_2phetoh,0.0,0.0
Ex_3c3hmp,0.0,0.0
Ex_3mbald,0.0,0.0
Ex_3mop,0.0,0.0
Ex_4abz,0.0,0.0
Ex_5aop,0.0,0.0
Ex_8aonn,0.0,0.0
Ex_abt,0.0,0.0
Ex_4abut,0.0,0.0
Ex_acald,0.0,0.0
Ex_aces,0.0,0.0
Ex_ACP,0.0,0.0
Ex_ade,0.0,0.0
Ex_adn,0.0,0.0
Ex_mal_L,0.0,0.0
Ex_akg,0.0,0.0
Ex_ala_D,0.0,0.0
Ex_ala_L,0.0,0.0
Ex_alltt,0.0,0.0
Ex_amet,0.0,0.0
Ex_arab_D,0.0,0.0
Ex_arab_L,0.0,0.0
Ex_arg_L,0.0,0.0
Ex_btd_RR,0.0,0.0
Ex_btn,-2.653936432772566e-08,-2.8736645649429042e-08
Ex_chol,0.0,0.0
Ex_cit,0.0,0.0
Ex_crn,0.0,0.0
Ex_csn,0.0,0.0
Ex_cys_L,0.0,0.0
Ex_cytd,0.0,0.0
Ex_dad_2,0.0,0.0
Ex_dann,0.0,0.0
Ex_dcyt,0.0,0.0
Ex_dgsn,0.0,0.0
Ex_din,0.0,0.0
Ex_dttp,0.0,0.0
Ex_duri,0.0,0.0
Ex_etha,0.0,0.0
Ex_fru,0.0,0.0
Ex_fum,0.0,0.0
Ex_gal,0.0,0.0
Ex_gam6p,0.0,0.0
Ex_gcald,0.0,0.0
Ex_gln_L,0.0,0.0
Ex_glu_L,0.0,0.0
Ex_glx,0.0,0.0
Ex_gly,0.0,0.0
Ex_biomass,0.026539364327725662,0.028736645649429043
Ex_gsn,0.0,0.0
Ex_gthox,0.0,0.0
Ex_gthrd,0.0,0.0
Ex_gua,0.0,0.0
Ex_hdca,0.0,0.0
Ex_hdcea,0.0,0.0
Ex_his_L,0.0,0.0
Ex_hxan,0.0,0.0
Ex_iamac,0.0,0.0
Ex_iamoh,0.0,0.0
Ex_ibutac,0.0,0.0
Ex_ibutoh,0.0,0.0
Ex_id3acald,0.0,0.0
Ex_ile_L,0.0,0.0
Ex_ind3eth,0.0,0.0
Ex_ins,0.0,0.0
Ex_inost,0.0,0.0
Ex_k,0.0,0.0
Ex_leu_L,0.0,0.0
Ex_lac_L,0.0,0.0
Ex_lys_L,0.0,0.0
Ex_malt,0.0,0.0
Ex_man,0.0,0.0
Ex_melib,0.0,0.0
Ex_met_L,0.0,0.0
Ex_mmet,0.0,0.0
Ex_nac,0.0,0.0
Ex_nadp,0.0,0.0
Ex_na1,0.0,0.0
Ex_Nbfortyr,0.0,0.0
Ex_nmn,0.0,0.0
Ex_oaa,0.0,0.0
Ex_ocdca,0.0,0.0
Ex_ocdcya,0.0,0.0
Ex_orn,0.0,0.0
Ex_pacald,0.0,0.0
Ex_pap,0.0,0.0
Ex_pheac,0.0,0.0
Ex_D_Phenylalanine,0.0,0.0
Ex_phe_L,0.0,0.0
Ex_pnto_R,0.0,0.0
Ex_pro_L,0.0,0.0
Ex_ptrc,0.0,0.0
Ex_sbt_L,0.0,0.0
Ex_ser_L,0.0,0.0
Ex_so3,0.0,0.0
Ex_spmd,0.0,0.0
Ex_sprm,0.0,0.0
Ex_srb_L,0.0,0.0
Ex_succ,0.0,0.0
Ex_sucr,0.0,0.0
Ex_taur,0.0,0.0
Ex_thymd,0.0,0.0
Ex_thr_L,0.0,0.0
Ex_thym,0.0,0.0
Ex_trp_L,0.0,0.0
Ex_ttdca,0.0,0.0
Ex_tyr_L,0.0,0.0
Ex_ura,0.0,0.0
Ex_urea,0.0,0.0
Ex_uri,0.0,0.0
Ex_val_L,0.0,0.0
Ex_xan,0.0,0.0
Ex_xtsn,0.0,0.0
Ex_xyl_D,0.0,0.0
Ex_xylt,0.0,0.0
Ex_pectin,0.0,0.0
Ex_galur,0.0,0.0
NADPH2_u6cm,0.0,0.0
D_ABTt,0.0,0.0
Ex_abt_D,0.0,0.0
RU5PP,0.0,0.0
DABTDHR,0.0,0.0
RBK_D,0.0,0.0
DABTDEH,0.0,0.0
Htr,0.0006795645143027055,0.002036014852562388
FAS1_4,0.001074561889543735,0.004425496573721943
FAS1_6,0.001074561889543735,0.004425496573721943
FAS1_8,0.001074561889543735,0.004425496573721943
FAS1_10,0.001074561889543735,0.004425496573721943
FAS1_12,0.001074561889543735,0.004425496573721943
FAS1_14,0.0,0.0
FAS1_16,0.0,0.0
FAS1_18,0.0,-5.055449202673117e-08
FAS2_4,0.001074561889543735,0.004425496573721943
FAS2_6,0.001074561889543735,0.004425496573721943
FAS2_8,0.001074561889543735,0.004425496573721943
FAS2_10,0.001074561889543735,0.004425496573721943
FAS2_12,0.001074561889543735,0.004425496573721943
FAS2_14,0.0,0.0
FAS2_16,0.0,0.0
FAS2_18,0.0,-5.055449202673117e-08
FAS3_4,0.001074561889543735,0.004425496573721943
FAS3_6,0.001074561889543735,0.004425496573721943
FAS3_8,0.001074561889543735,0.004425496573721943
FAS3_10,0.001074561889543735,0.004425496573721943
FAS3_12,0.001074561889543735,0.004425496573721943
FAS3_14,0.0,0.0
FAS3_16,0.0,0.0
FAS3_18,0.0,-5.0554492026649855e-08
FAS4_4,0.001074561889543735,0.004425496573721943
FAS4_6,0.001074561889543735,0.004425496573721943
FAS4_8,0.001074561889543735,0.004425496573721943
FAS4_10,0.001074561889543735,0.004425496573721943
FAS4_12,0.001074561889543735,0.004425496573721943
FAS4_14,0.0,0.0
FAS4_16,0.0,0.0
FAS4_18,0.0,-5.0554492026649855e-08
FAS5_12,0.001074561889543735,0.004425496573721943
FAS5_14,0.0,0.0
FAS5_16,-1.3598539661360905e-07,0.0
FAS5_18,-2.4090306699624574e-07,0.0
FAE1_14,0.001074561889543735,0.004425496573721943
FAE1_16,0.0010702870137505153,0.004407941860834319
FAE1_18,0.0008871504149451102,0.0036496136151632137
FAE1_20,5.569355905055827e-06,2.9390978102740448e-05
FAE1_22,5.569355905055827e-06,2.9390978102740448e-05
FAE1_24,5.569355905055827e-06,2.9390978102740448e-05
FAE1_26,4.795403828271246e-06,2.2436383788308974e-05
FAE2_14,0.001074561889543735,0.004425496573721943
FAE2_16,0.0010702870137505153,0.004407941860834319
FAE2_18,0.0008871504149451102,0.0036496136151632137
FAE2_20,5.569355905055827e-06,2.9390978102740448e-05
FAE2_22,5.569355905055827e-06,2.9390978102740448e-05
FAE2_24,5.569355905055827e-06,2.9390978102740448e-05
FAE2_26,4.795403828271246e-06,2.2436383788308974e-05
FAE3_14,0.001074561889543735,0.004425496573721943
FAE3_16,0.0010702870137505153,0.004407941860834319
FAE3_18,0.0008871504149451102,0.0036496136151632137
FAE3_20,5.569355905055827e-06,2.9390978102740448e-05
FAE3_22,5.569355905055827e-06,2.9390978102740448e-05
FAE3_24,5.569355905055827e-06,2.9390978102740448e-05
FAE3_26,4.795403828271246e-06,2.2436383788308974e-05
FAE4_14,0.001074561889543735,0.004425496573721943
FAE4_16,0.0010702870137505153,0.004407941860834319
FAE4_18,0.0008871504149451102,0.0036496136151632137
FAE4_20,5.569355905055827e-06,2.9390978102740448e-05
FAE4_22,5.569355905055827e-06,2.9390978102740448e-05
FAE4_24,5.569355905055827e-06,2.9390978102740448e-05
FAE4_26,4.795403828271246e-06,2.2436383788308974e-05
fabAA,0.0,0.0
fabRNA,0.0,0.0
fabDNA,0.0,0.0
pFAB,0.0,0.0
fabt,0.0,0.0
Ex_fab,0.0,0.0
PROTEINSglycmet05,0.0,0.0
PROTEINSglycmet16,0.0,0.0
BIOMASS8020,0.0,0.0
BIOMASS6040,0.0,0.0
BIOMASS4060,0.0,0.0
BIOMASS8020b,0.0,0.0
BIOMASS6040b,0.0,0.0
BIOMASS4060b,0.0,0.0
rolAA,0.0,0.0
rolRNA,0.0,0.0
rolDNA,0.0,0.0
pROL,0.0,0.0
ROLt,0.0,0.0
Ex_rol,0.0,0.0
FA200COAabcp,0.0,0.0
FA220COAabcp,0.0,0.0
H2Otg,0.0,0.0
RMNt,0.0,0.0
RMNDH,0.0,0.0
RHAMLAC,0.0,0.0
RHAMDH,0.0,0.0
KDRALD,0.0,0.0
Ex_rmn,0.0,0.0
DHAKx,0.0,0.0
FBAx,0.0,0.0
FBPx,0.0,0.0
TKT2x,0.0,0.0
FBA3x,0.0,0.0
SHBPH,0.0,0.0
TKT1x,0.0,0.0
RPIx,0.0,0.0
RPEx,0.0,0.0
DHAPtx,0.0,0.0
FA140tpc,0.0,0.0
FA141tpc,0.0,0.0
FA160tpc,0.0,0.0
FA161tpc,0.0,0.0
FA180tpc,0.0,0.0
FA181tpc,0.0,0.0
FA182tpc,0.0,0.0
FA183tpc,0.0,0.0
FA260tpc,0.0,0.0
LIPIDS_glyc,0.0,0.0
PROTEINS_glyc,0.0,0.0
STEROLS_glyc,0.0,0.0
BIOMASS_glyc,0.0,0.0
LIPIDS_meoh,0.0,0.0
PROTEINS_meoh,0.0,0.0
STEROLS_meoh,0.0,0.0
BIOMASS_meoh,0.0,0.0
rvHHVAA,0.00015846449688306378,0.00015846449688306378
Ex_vHHV,0.00015846449688306378,0.00015846449688306378
pgSCtm,1.4483604164680744e-05,0.0
SK_glycogen_c,0.0,0.0
ATPS_v,0.0,0.0
ScaledConsensus,0.0,0.0
DerivedProtein0.0,0.008613000732280728,0.0
DerivedCarbohydrate0.0,0.016018872091558004,0.0
DerivedLipid0.0,0.000533074909754936,0.0
DerivedBiomass0.0,0.026539364327725662,0.0
DerivedProtein0.9,0.0,0.0
DerivedCarbohydrate0.9,0.0,0.0
DerivedLipid0.9,0.0,0.0
DerivedBiomass0.9,0.0,0.0
DerivedProtein1.9,0.0,0.0
DerivedCarbohydrate1.9,0.0,0.0
DerivedLipid1.9,0.0,0.0
DerivedBiomass1.9,0.0,0.0
DerivedProtein5.9,0.0,0.0
DerivedCarbohydrate5.9,0.0,0.0
DerivedLipid5.9,0.0,0.0
DerivedBiomass5.9,0.0,0.0
DerivedProtein7.9,0.0,0.0
DerivedCarbohydrate7.9,0.0,0.0
DerivedLipid7.9,0.0,0.0
DerivedBiomass7.9,0.0,0.0
DerivedProtein9.9,0.0,0.0
DerivedCarbohydrate9.9,0.0,0.0
DerivedLipid9.9,0.0,0.0
DerivedBiomass9.9,0.0,0.0
DerivedProtein13.9,0.0,0.0
DerivedCarbohydrate13.9,0.0,0.0
DerivedLipid13.9,0.0,0.0
DerivedBiomass13.9,0.0,0.0
DerivedProtein16.9,0.0,0.0
DerivedCarbohydrate16.9,0.0,0.0
DerivedLipid16.9,0.0,0.0
DerivedBiomass16.9,0.0,0.0
DerivedProtein19.9,0.0,0.0
DerivedCarbohydrate19.9,0.0,0.0
DerivedLipid19.9,0.0,0.0
DerivedBiomass19.9,0.0,0.0
DerivedProtein23.9,0.0,0.0
DerivedCarbohydrate23.9,0.0,0.0
DerivedLipid23.9,0.0,0.0
DerivedBiomass23.9,0.0,0.0
DerivedProtein27.9,0.0,0.0
DerivedCarbohydrate27.9,0.0,0.0
DerivedLipid27.9,0.0,0.0
DerivedBiomass27.9,0.0,0.0
DerivedProteinC0.1,0.0,0.0
DerivedCarbohydrateC0.1,0.0,0.0
DerivedLipidC0.1,0.0,0.0
DerivedBiomassC0.1,0.0,0.0
InterpolatedProtein27.9,0.0,0.0
InterpolatedCarbohydrate27.9,0.0,0.0
InterpolatedLipid27.9,0.0,0.0
InterpolatedBiomass27.9,0.0,0.0
InterpolatedProtein23.9,0.0,0.0
InterpolatedCarbohydrate23.9,0.0,0.0
InterpolatedLipid23.9,0.0,0.0
InterpolatedBiomass23.9,0.0,0.0
InterpolatedProtein19.9,0.0,0.0
InterpolatedCarbohydrate19.9,0.0,0.0
InterpolatedLipid19.9,0.0,0.0
InterpolatedBiomass19.9,0.0,0.0
InterpolatedProtein16.9,0.0,0.0
InterpolatedCarbohydrate16.9,0.0,0.0
InterpolatedLipid16.9,0.0,0.0
InterpolatedBiomass16.9,0.0,0.0
InterpolatedProtein13.9,0.0,0.0
InterpolatedCarbohydrate13.9,0.0,0.0
InterpolatedLipid13.9,0.0,0.0
InterpolatedBiomass13.9,0.0,0.0
InterpolatedProtein9.9,0.0,0.0
InterpolatedCarbohydrate9.9,0.0,0.0
InterpolatedLipid9.9,0.0,0.0
InterpolatedBiomass9.9,0.0,0.0
InterpolatedProtein7.9,0.0,0.0
InterpolatedCarbohydrate7.9,0.0,0.0
InterpolatedLipid7.9,0.0,0.0
InterpolatedBiomass7.9,0.0,0.0
InterpolatedProtein5.9,0.0,0.0
InterpolatedCarbohydrate5.9,0.0,0.0
InterpolatedLipid5.9,0.0,0.0
InterpolatedBiomass5.9,0.0,0.0
InterpolatedProtein1.9,0.0,0.0
InterpolatedCarbohydrate1.9,0.0,0.0
InterpolatedLipid1.9,0.0,0.0
InterpolatedBiomass1.9,0.0,0.0
InterpolatedProtein0.9,0.0,0.0
InterpolatedCarbohydrate0.9,0.0,0.0
InterpolatedLipid0.9,0.0,0.0
InterpolatedBiomass0.9,0.0,0.0
InterpolatedProtein0.0,0.0,0.0
InterpolatedCarbohydrate0.0,0.0,0.0
InterpolatedLipid0.0,0.0,0.0
InterpolatedBiomass0.0,0.0,0.0
InterpolatedProteinC0.1,0.0,0.0
InterpolatedCarbohydrateC0.1,0.0,0.0
InterpolatedLipidC0.1,0.0,0.0
InterpolatedBiomassC0.1,0.0,0.0
FittedProtein27.9,0.0,0.0
FittedCarbohydrate27.9,0.0,0.0
FittedLipid27.9,0.0,0.0
FittedBiomass27.9,0.0,0.0
FittedProtein23.9,0.0,0.0
FittedCarbohydrate23.9,0.0,0.0
FittedLipid23.9,0.0,0.0
FittedBiomass23.9,0.0,0.0
FittedProtein19.9,0.0,0.0
FittedCarbohydrate19.9,0.0,0.0
FittedLipid19.9,0.0,0.0
FittedBiomass19.9,0.0,0.0
FittedProtein16.9,0.0,0.0
FittedCarbohydrate16.9,0.0,0.0
FittedLipid16.9,0.0,0.0
FittedBiomass16.9,0.0,0.0
FittedProtein13.9,0.0,0.0
FittedCarbohydrate13.9,0.0,0.0
FittedLipid13.9,0.0,0.0
FittedBiomass13.9,0.0,0.0
FittedProtein9.9,0.0,0.0
FittedCarbohydrate9.9,0.0,0.0
FittedLipid9.9,0.0,0.0
FittedBiomass9.9,0.0,0.0
FittedProtein7.9,0.0,0.0
FittedCarbohydrate7.9,0.0,0.0
FittedLipid7.9,0.0,0.0
FittedBiomass7.9,0.0,0.0
FittedProtein5.9,0.0,0.0
FittedCarbohydrate5.9,0.0,0.0
FittedLipid5.9,0.0,0.0
FittedBiomass5.9,0.0,0.0
FittedProtein1.9,0.0,0.0
FittedCarbohydrate1.9,0.0,0.0
FittedLipid1.9,0.0,0.0
FittedBiomass1.9,0.0,0.0
FittedProtein0.9,0.0,0.0
FittedCarbohydrate0.9,0.0,0.0
FittedLipid0.9,0.0,0.0
FittedBiomass0.9,0.0,0.0
FittedProtein0.0,0.0,0.0
FittedCarbohydrate0.0,0.0,0.0
FittedLipid0.0,0.0,0.0
FittedBiomass0.0,0.0,0.0
FittedProteinC0.1,0.0,0.0
FittedCarbohydrateC0.1,0.0,0.0
FittedLipidC0.1,0.0,0.0
FittedBiomassC0.1,0.0,0.0
