,Derived,Derived
,0.0,27.9
ADPtn,0.0,8.025110302200801e-06
ATPtn,0.0,0.0
FACOAE140,0.0,0.0
FACOAL260,0.0,0.0
GLCter,0.0,0.0
DAGL_PP,0.0,0.0
M4MPDOLter,0.0,0.0
M7MASNBterg,0.0,0.0
MANter,0.0,0.0
MIPCS124_SC,0.0,0.0
MIPCS126_SC,0.0,0.0
MIPCS224_SC,0.0,0.0
MIPCS226_SC,0.0,0.0
MIPCS324_SC,2.9110293701373545e-07,1.0343085408980096e-07
MIPCS326_SC,1.8452590939047479e-07,1.0071676111167805e-07
NADH2_u6mh,3.967383264677444,8.435487604601535
NDPK10,0.0,0.0
NTP10,0.0,0.0
NTP5,0.0,0.0
NTP7,0.0,0.0
NTP9,0.0,0.0
SPHK21c,-1.0402301918936644e-06,-4.748162285924382e-06
POLYPPE,0.0,0.0
NDP11,0.0,0.0
PHEPYRAT,0.0,0.0
NDP10,0.0,0.0
MAGL_PP,0.0,0.0
CERASE116,-2.2162426387432636e-07,-1.7066409886204903e-07
CERASE118,0.0,0.0
CERASE16d4,-2.3366634649014867e-07,-5.084236605498165e-07
CERASE18d4,-8.065638454035157e-07,-4.239738625374566e-06
CERASE124,0.0,0.0
CERASE126,0.0,0.0
PYDXNDH,0.0,0.0
NDP12,0.0,0.0
LSERDHr2,0.0,0.0
GLCCERS16d4,0.0,0.0
GLCCERS16d8,9.049403094756322e-08,3.884354421190481e-08
GLCCERS16m9,8.788406648609697e-08,3.772324634375913e-08
GLCCERS18,3.37158566981223e-08,1.447215199259533e-08
GLCCERS18d4,5.222981512945882e-08,2.2419060261956188e-08
GLCCERS18d8,3.440421574614644e-07,1.4767622366006852e-07
GLCCERS18m9,9.179290799826951e-07,3.940107256616912e-07
CERS116,0.0,0.0
CERS118,2.3963666657642127e-06,0.0
CER4DS16,0.0,0.0
CER4DS18,0.0,-2.4847741261779276e-06
CER4DS2d16,2.2162426387432636e-07,1.7066409886204903e-07
CER4DS2d18,1.9202945524872153e-06,1.882876472212199e-06
PYDXS,0.0,0.0
TYRPYRAT,0.0,0.0
OPMT1,0.0,0.0
OPMT2,0.0,0.0
HCO3DH,0.0,0.0
FAcoaRavge,0.003578161437910786,0.003895860120399577
FARavge,0.0,0.0
STERYLEST,0.0,0.0
Nglycmann,0.0,0.0
Oglycmann,0.0,0.0
FACOAL180p,0.0,0.0
FACOAL181p,0.0,0.0
FACOAL182p,0.0,0.0
FACOAL183p,0.0,0.0
FACOAL240,0.0,0.0
PTE141x,0.0,0.0
PTE161x,0.0,0.0
PTE181x,0.0,0.0
PTE182x,0.0,0.0
PTE183x,0.0,0.0
PTE260x,0.0,0.0
DESAT182,0.0007657265477129082,0.0008337140657655095
POLYPPX,0.0,0.0
CER8DS16,8.432241079760169e-08,1.8347318476993217e-07
CER8DS18,2.289838830463089e-07,4.982353076257977e-07
CER8DS2d16,1.783780974336602e-07,7.656679055566394e-08
CER8DS2d18,1.4109344850518413e-06,8.658091037257076e-07
CER9MET16,8.788406648609697e-08,3.772324634375913e-08
CER9MET18,9.179290799826951e-07,3.940107256616912e-07
SBPP3er,0.0,0.0
SGPL12,-1.0402301918936644e-06,-4.748162285924382e-06
HXDCEALR,-1.0402301918936644e-06,-4.748162285924382e-06
CERavg,3.8068808486501896e-06,8.283213759364884e-06
CERS2d16,2.2162426387432636e-07,1.7066409886204903e-07
CERS2d18,1.9540104091853374e-06,1.8973486242047942e-06
CERS424,9.418412318288979e-08,4.042573812078882e-08
CERS426,8.449101577575556e-08,3.6265281026219496e-08
GLCCERavg,1.5262950067054008e-06,6.551449521319751e-07
IPC116PLC_PP,0.0,0.0
IPC118PLC_PP,-2.1474285063808026e-07,0.0
IPC424PLC_PP,0.0,0.0
IPC426PLC_PP,0.0,0.0
IPCavg,2.1582196044028166e-06,9.263532794040905e-07
IPCS116_PP,0.0,0.0
IPCS118_PP,0.0,9.217215130070701e-08
IPCS424_PP,9.418412318288979e-08,4.042573812078882e-08
IPCS426_PP,8.449101577575556e-08,3.6265281026219496e-08
mip2c424plc_pp,0.0,0.0
mip2c426plc_pp,0.0,0.0
MIP2Cavg,8.523571854705262e-08,3.6584343416728575e-08
mip2cs424_pp,9.12022188453463e-10,3.914524745589958e-10
mip2cs426_pp,0.0,0.0
mipc424plc_pp,0.0,0.0
mipc426plc_pp,0.0,0.0
MIPCavg,4.1561885294276273e-07,1.7839057276612792e-07
MIPCS424_SC,1.5624929582627265e-08,6.706478750479924e-09
MIPCS426_SC,9.60079550297782e-09,4.120822230897555e-09
SPHLIPIDS,0.0,0.0
SPHS1Pter,0.0,0.0
OGLYCOStg,0.0,0.0
CHITINtg,0.0,0.0
MANNANtg,0.0,0.0
FARCOAtm,0.0,0.0
FACOAtm,0.0,0.0
CLPNtm,0.0,0.0
DEDOLPP,0.0,0.0
DEDOLS,0.0,0.0
NADHter,0.001137619737868062,0.0017513774146397478
NADter,-0.001137619737868062,-0.0017513774146397478
NADPHter,0.001137619737868062,0.0017130756313291117
NADPter,-0.001137619737868062,-0.0017130756313291117
GPAILter,0.0,0.0
PI34BP4P_PP,0.0,0.0
12DGRter,0.0,0.0
PEter,0.0,0.0
PAter,0.0,0.0
DUDPtn,0.0,0.0
MI13456Ptn,0.0,0.0
PMI23456PH,0.0,0.0
PMI23456PS,0.0,0.0
PMI12456PH,0.0,0.0
PMI12456PS,0.0,0.0
DPMI2346PH1,0.0,0.0
DPMI2346PS1,0.0,0.0
DPMI2346PH5,0.0,0.0
DPMI2346PS5,0.0,0.0
DPMI1246PH3,0.0,0.0
DPMI1246PS3,0.0,0.0
DPMI1246PH5,0.0,0.0
DPMI1246PS5,0.0,0.0
DNADtn,0.0,0.0
DOLter,0.0,0.0
2HBO,0.0,0.0
2HBt2,0.0,0.0
34HPPt2p,0.0,0.0
3C4MOPtm,0.017473022343408893,0.0034904387830212245
4ABUTNtm,0.0,0.0
4ABUTtm,0.0,0.0
4H2OGLTtm,0.0,0.0
4H2OGLTtp,0.0,0.0
4HPRO_LTtm,0.0,0.0
8AONNt2,0.0,0.0
AABTN,0.0,0.0
AACTOOR,0.0,0.0
AASAD2,0.015343908925291076,0.003281777965676238
ACCOAtn,0.0,0.0
ACRNtp,0.0,0.0
ACtp,0.0,0.0
ADEtm,0.0,0.0
AHMMPS,0.0,0.0
AKGt2n,0.0,0.0
AKGtp,0.0,0.0
AOBUTDs,0.0,0.0
APRTO2,0.0,0.0
ARAB1D2,0.0,0.0
ARAB_Dt,0.0,0.0
ARGt2m,0.0,0.0
ASNt2m,0.0,0.0
CBPSn,0.0,0.0
CBPtn,0.0,0.0
CDPtn,0.0,0.0
CITtap,0.0,0.0
CITtcp,0.0,0.0
CMPN,0.0,0.0
CO2tp,0.0,0.0
COAtn,0.0,0.0
CRNtp,0.0,0.0
CYSTtp,0.0,0.0
DADPtn,0.0,-8.025110302200801e-06
DANNt2,0.0,0.0
DCDPtn,0.0,0.0
DDPAm,0.020140089397414983,0.0
DESAT14,0.0,0.0
DESAT18_2,0.0017354082973867315,0.001889492158393795
DGDPtn,0.0,0.0
DGGH,0.0,0.0
DIAT,0.0,0.0
DNTPPA,0.0,0.0
DOLPt2er,-0.039156686189254844,-0.004688916966339799
DPCOAKm,0.0,0.0
DUMPtn,0.0,0.0
E4HGLUtm,0.0,0.0
E4HGLUtp,0.0,0.0
E4Ptm,0.020140089397414983,0.0
FA100tp,0.0,0.0
FA120tp,0.0,0.0
FA80tp,0.0,0.0
FMNATm,0.0,0.0
FMNRx,0.0,0.0
FORtrn,0.0,0.0
FRUK,0.0,0.0
FTHFL2,0.0,0.0
G13MTg,0.0,0.0
G16MTg,0.0,0.0
G6PDA,0.0,0.0
GDPtg,0.0,0.0
GDPtn,0.0,0.0
GGLGH,0.0,0.0
GLNt2n,0.0,0.0
GLUt2n,0.0,0.0
GLXtp,0.0,0.0
GLYAT,0.0,0.0
GSNK,0.0,0.0
GSNtm,0.0,0.0
GUAtm,0.0,0.0
H2O2tn,0.0,-8.025110302200801e-06
HCYSt2p,0.0,0.0
HYPOE,0.0,0.0
IND3ACtm,0.0,0.0
INSK,0.0,0.0
Kt2,0.0,0.0
LCAD,0.0,0.0
L_LACtm,0.0,0.0
LYSt2m,0.0,0.0
HISt2m,0.0,0.0
MALOAAtp,0.0,0.0
MANNANter,-0.039156686189254844,-0.004688916966339799
MELIBt2,0.0,0.0
MGSA,0.0,0.0
MINOHPtn,0.0,0.0
NABTNO,0.0,0.0
NADNm,0.0,0.0
NADPPPSm,0.0,0.0
NADtn,0.0,0.0
NDP4,0.0,0.0
NH4tn,0.0,0.0
NMNt2m,0.0,0.0
NMNt2p,0.0,0.0
NTD10,0.0,0.0
NTD3,0.0,0.0
NTD5,0.0,0.0
NTD7,0.0,0.0
NTP4,0.0,0.0
OBDHc,0.0,0.0
PAK_PP,0.0,0.0
PAN4Ptm,0.0,0.0
PAPtm,0.0,0.0
PHCHGS,0.0,0.0
PHEt2m,0.0,0.0
PI3P4K_PP,0.0,0.0
PIt2n,0.0,0.0
PIt2p,0.0,0.0
PNP,0.0,0.0
PPND,0.0,0.0
PRPPtm,-1.7771207283034793e-07,0.0
PTD1INOtn_SC,0.0,0.0
PTPATim,0.0,0.0
PYDAMK,0.0,0.0
PYDXK,0.0,0.0
PYDXNK,0.0,0.0
PYNP2r,0.0,0.0
PYRt2p,0.0,0.0
QULNtm,0.0,3.983203534885134e-08
RIBFLVtm,0.0,0.0
SHSL1,0.0,0.0
SHSL4r,0.0,0.0
SPMDAT1,0.0,0.0
SUCRt2,0.0,0.0
TMDK1,0.0,0.0
TMN,0.0,0.0
MPK,0.0,0.0
TREHv,0.0,0.0
TRPt2m,0.0,0.0
TYRt2m,0.0,0.0
UMPtn,0.0,0.0
XYLTD_D,0.0,0.0
ACOHT,0.0,0.0
NFORTYRS,0.0,0.0
COAHLm,0.0,0.0
PSPH1Pter,0.0,0.0
SPH1Pter,0.0,0.0
2MBACt,0.0,0.0
ACESt,0.0,0.0
IAMACt,0.0,0.0
IBUTACt,0.0,0.0
PHEACt,0.0,0.0
TAURt,0.0,0.0
FRDPtm,0.0,0.0
AMPtn,0.0,0.0
ASPt5n,0.0,0.0
MI145Ptn,0.0,0.0
PI4Ptn,0.0,0.0
23CAMPH,0.0,0.0
AC2MBTOHT,0.0,0.0
AC2PHETOHT,0.0,0.0
ACIAMOHT,0.0,0.0
ACIBUTOHT,0.0,0.0
PECTH,0.0,0.0
5AOPt2,0.0,0.0
ABUTt2r,0.0,0.0
AKGt2r,0.0,0.0
ARAB1D1,0.0,0.0
CBASPtn,0.0,0.0
CERH124,0.0,3.281728204561409e-06
CERH126,1.7427718908955122e-06,0.0
CERS2d24,0.0,0.0
CERS2d26,0.0,0.0
CERS324,2.350442334441036e-06,2.821834277034394e-06
CERS326,1.641330371892678e-06,1.7100542020313208e-06
CITt2r,0.0,0.0
CYOR_u6m,4.917428994807325,10.137312992097053
DNMPPA,0.0,0.0
FACOAL240p,0.0,0.0
FACOAL260p,0.0,0.0
FAO182p_even_even,0.0,0.0
FAO182p_even_odd,0.0,0.0
FAO182p_odd_odd,0.0,0.0
OCDCYAt,0.0,0.0
PAPt,0.0,0.0
PDE2,0.0,0.0
pla2_2e,0.0,0.0
SBTD_D2,0.0,0.0
SBTD_L,0.0,0.0
SBTR,0.0,0.0
PDXPHT,0.0,0.0
E4PDH,0.0,0.0
EPISTESTH_Ppe,0.0,0.0
ERGSTESTH_Ppe,0.0,0.0
FECOSTESTH_Ppe,0.0,0.0
LANOSTESTH_Ppe,0.0,0.0
ZYMSTESTH_Ppe,0.0,0.0
plbpc_ppe2,0.0,0.0
CERS124er,0.0,0.0
CERS126er,0.0,0.0
CERASE124er,0.0,0.0
CERASE126er,0.0,0.0
CERASE224er,0.0,0.0
CERASE226er,0.0,0.0
PTE12x,0.0,0.0
MN1PP,0.0,0.0
MN6PR,0.0,0.0
MNDH,0.0,0.0
PDX5PSYN,0.0,0.0
CERS224er,0.0,0.0
CERS226er,0.0,0.0
IPC124PLC_PP,0.0,0.0
IPC126PLC_PP,0.0,0.0
IPC224PLC_PP,0.0,0.0
IPC226PLC_PP,0.0,0.0
IPC324PLC_PP,0.0,0.0
IPC326PLC_PP,0.0,0.0
IPCS124_PP,0.0,0.0
IPCS126_PP,0.0,0.0
IPCS224_PP,3.668973327484789e-08,1.574800574986954e-08
IPCS226_PP,2.956760858031859e-08,1.269103992783604e-08
IPCS324_PP,1.2182740790651855e-06,5.013922229217982e-07
IPCS326_PP,9.811247653755545e-07,4.426337565397278e-07
MIP2C124PLC_PP,0.0,0.0
MIP2C126PLC_PP,0.0,0.0
MIP2C224PLC_PP,0.0,0.0
MIP2C226PLC_PP,0.0,0.0
MIP2C324PLC_PP,0.0,-2.1515252363378076e-08
MIP2C326PLC_PP,0.0,2.1515252363378076e-08
MIP2CS124_PP,0.0,0.0
MIP2CS126_PP,0.0,0.0
MIP2CS224_PP,0.0,0.0
MIP2CS226_PP,0.0,0.0
MIP2CS324_PP,5.012712607752164e-08,0.0
MIP2CS326_PP,3.4196570281077514e-08,3.619289094216958e-08
MIPC124PLC_PP,0.0,0.0
MIPC126PLC_PP,0.0,0.0
MIPC224PLC_PP,0.0,0.0
MIPC226PLC_PP,0.0,0.0
MIPC324PLC_PP,0.0,0.0
MIPC326PLC_PP,0.0,0.0
PYMDSYN,0.0,0.0
ALADt2r,0.0,0.0
EPISTt,0.0,0.0
PHEDt2r,0.0,0.0
ALADO,0.0,0.0
PHEDO,0.0,0.0
13BGHe,0.0,0.0
2DDA7Ptm,-0.020140089397414983,0.0
2OXOADPtim,0.0,0.0
34HPLFM,0.0,0.0
34HPPt2m,0.0,0.0
3OPHB_5tm,0.0,0.0
4ABZtm,8.8856036634426e-08,1.991601767646973e-08
4HBZCOAFm,0.0,0.0
4HBZFm,0.0,0.0
4HGLSDm,0.0,0.0
4HTHRS,0.0,0.0
AASAD1,0.0,0.0
ACACT1m,0.006826251563428184,0.010508383983944535
ACALDt,0.0,0.0
ACP1e,0.0,0.0
ACRNtm,0.0,0.0
ACSm,0.0,0.0
ACSp,0.0,0.0
ACt2e,0.0,0.0
ADEt2,0.0,0.0
ADK1,0.09507181208374954,0.0175535281728894
ADK3,0.0,0.0
ADK3m,0.0,0.0
ADK4,0.0,0.0
ADK4m,0.0,0.0
ADNt2,0.0,0.0
AHSERL,0.0,0.0
AKGDam,0.6777266949800761,1.6501797673020806
AKGMAL,0.0,0.0
ALAt2r,0.0,0.0
ALATA_Lm,0.0,0.0
ALDD20xm,0.0,0.0
ALDD20y,0.0,0.0
ALDD20ym,0.0,0.0
ALDD2y,0.0,0.0
ALDD2ym,0.0,0.0
ALLTTti,0.0,0.0
AMETt2,0.0,0.0
AMID,0.0,0.0
AMID2,0.0,0.0
AMPN,0.0,0.0
ARAB_Lt,0.0,0.0
ARABR,0.0,0.0
ARGt2r,0.0,0.0
ARMT,0.0,0.0
ASNNe,0.0,0.0
ASNt2r,0.0,0.0
ASPt2m,0.0,0.0
ASPt2n,0.0,0.0
ASPt2r,0.0,0.0
ATHRDHr,0.0,0.0
ATPATF2,0.0,0.0
ATPATF3,0.0,0.0
ATPH1,0.0,0.0
ATPS,0.0,0.0
ATPS3g,0.0,0.0
ATPtm_H,12.001573029786247,25.288794551459354
BTNt2i,8.88560366359673e-08,1.991601767457959e-08
CHLt2,0.0,0.0
CHTNDA,0.0,0.0
CITtbm,-0.020140089397414983,0.0
CO2tn,0.0,0.0
COUCOAFm,0.0,0.0
CRNt,0.0,0.0
CRNtim,0.0,0.0
CSNt2,0.0,0.0
CTPS2,0.0,0.0
CYSt2r,0.0,0.0
CYSTLp,0.0,0.0
CYTDt2,0.0,0.0
DADNt2,0.0,0.0
DCTPD,0.0,0.0
DCYTD,0.0,0.0
DCYTt2,0.0,0.0
DESAT16,0.00011807932745105595,0.00012856338397318603
DESAT18,0.0,0.0
DGSNt2,0.0,0.0
DHFRim,0.0,0.0
DHNPTtm,8.8856036634426e-08,1.991601767646973e-08
DHPSm,8.8856036634426e-08,1.991601767646973e-08
DHPTtm,-8.8856036634426e-08,-1.991601767646973e-08
DINSt2,0.0,0.0
D_LACtm,0.0,0.0
DOLK,0.0,0.0
dolpmmer,0.039156686189254844,0.004688916966339799
DPGM,0.0,0.0
DPRm,0.0,0.0
DRBK,0.0,0.0
DROPPRy,1.777120732719346e-07,3.983203534915918e-08
DRTPPD,1.777120732719346e-07,3.983203534915918e-08
DTTPt,0.0,0.0
DURIK1,0.0,0.0
DURIt2,0.0,0.0
DXHPScm,0.0,0.0
EHGLATm,0.0,0.0
EHGLATp,0.0,0.0
ERGSTt,0.0,0.0
ERGSTter,0.001137619737868062,0.0017130756313291117
ERGTETROLter,0.001137619737868062,0.0017130756313291117
ETHAt,0.0,0.0
FA141COAabcp,0.0,0.0
FA161COAabcp,0.0,0.0
FACOAL100p,0.0,0.0
FACOAL120p,0.0,0.0
FACOAL140,0.0,0.0
FACOAL140p,0.0,0.0
FACOAL141,0.0,0.0
FACOAL141p,0.0,0.0
FACOAL160p,0.0,0.0
FACOAL161,0.0,0.0
FACOAL161p,0.0,0.0
FACOAL80p,0.0,0.0
FAO141p_even,0.0,0.0
FAO141p_odd,0.0,0.0
FAO161p_even,0.0,0.0
FAO161p_odd,0.0,0.0
FAO181p_even,0.0,0.0
FAO181p_odd,0.0,0.0
FBA2,0.0,0.0
FBA3,0.0,0.0
FOLD3m,0.0,0.0
FRDcm,0.0,0.0
FRUt2,0.0,0.0
FUMt2r,0.0,0.0
G12MT1g,0.0,0.0
G12MT2g,0.0,0.0
G3PCt,0.0,0.0
G5SD2,0.0,0.0
G6PI,0.0,0.0
GALt2,0.0,0.0
GAM6Pt,0.0,0.0
GCALDt,0.0,0.0
GCALDtm,-8.8856036634426e-08,-1.991601767646973e-08
GCC2am,0.0,0.0
GCC2cm,0.0,3.3483350215598584
GK2,0.00047440730006430396,0.0
GLCt1,1.0,1.0
GLNt2r,0.0,0.0
GLUK,0.0,0.0
GLUt2r,0.0,0.0
GLYCLm,0.00019775667203823853,0.00043262374851156906
GLYOXm,0.0,0.0
GLYt2r,0.0,0.0
GSNt2,0.0,0.0
GTHOXti,0.0,0.0
GTHP,0.0,0.0
GTHRDt2,0.0,0.0
GTMLT,0.0,0.0
GUAt2r,0.0,0.0
H2Oter,-0.001137619737868062,-0.0017513774146397478
H2Otn,0.0,-8.025110302200801e-06
HCITSn,0.0,0.0
HCO3E,0.24927794648526003,0.09854472861716586
HCO3Em,0.0,0.0
HCO3En,0.0,0.0
HDCAt,0.0,0.0
HDCEAt,0.0,0.0
HICITDm,0.015343908925291076,0.003281777965676238
HISt2r,0.0,0.0
HMGCOASm,-0.006826251563428184,-0.010508383983944535
HMPK1,0.0,0.0
HPROb,0.0,0.0
HPROxm,0.0,0.0
HPROym,0.0,0.0
HXANt2r,0.0,0.0
ICDHxm,0.7161921998323264,1.6487009372218577
ICDHym,0.05180298504649719,0.010702769676925173
ICDHyp,0.0,0.0
ID3ACALDt,0.0,0.0
ID3ACALDtm,0.0,0.0
ILEt2r,0.0,0.0
ILETAm,-0.008121037213165143,-0.0049108519566116995
INDPYRD,0.0,0.0
INSt2,0.0,0.0
INSTt2,0.0,0.0
IPPSm,0.017473022343408893,0.0034904387830212245
ITCOALm,0.0,0.0
LEUt2r,0.0,0.0
LEUTAm,0.0,0.0
L_LACt2r,0.0,0.0
LSERDHr,0.0,0.0
LYSt2r,0.0,0.0
MALt2r,0.0,0.0
MALTt2,0.0,0.0
MANt2,0.0,0.0
ME2m,0.007659770489350537,0.0
METt2r,0.0,0.0
MEVK2,0.0014560384997963378,0.0
MEVK3,0.0,0.0
MEVK4,0.0,0.0
MHPGLUT,0.0,0.0
MI1345PKn,0.0,0.0
MI1456PKn,0.0,0.0
MI145P6Kn,0.0,0.0
MI145PKn,0.0,0.0
MMETt2,0.0,0.0
MTAP,0.0,0.0
MTHFC,0.018391970082093635,0.0014502359064362167
MTHFCm,0.00019775667203823853,0.00043262374851156906
NADH2_u6cm,0.2651766928977215,0.051363620705810915
NADH2_u6m,0.0,0.0
NAt3_1,0.0,0.0
NDP1,0.0,0.0
NDP3g,0.0,0.0
NDPK9,0.0,0.0
NMNTP,0.0,0.0
NNDPRm,0.0,3.983203534885134e-08
NNMT,0.0,0.0
NTD2,0.0,0.0
NTRLASE2,0.0,0.0
NTRLASE3,0.0,0.0
O2ter,0.001137619737868062,0.0017513774146397478
OCDCAt,0.0,0.0
OHPBAT,0.0,0.0
OMCDCm,0.017473022343408893,0.0034904387830212245
ORNt2r,0.0,0.0
OXAGm,0.015343908925291076,0.003281777965676238
OXO2Ctm,0.0,0.0
P5CR,0.0,0.0
PANTtm,0.0,0.0
PAtm_PP,4.849233185789755e-05,6.763726283670249e-05
PDE3,0.0,0.0
PDE5,0.0,0.0
PDX5PO,0.0,0.0
pepat,0.0,0.0
PFK_2,0.0,0.0
PFK_3,0.0,0.0
PGAMT,0.0,0.0
PHEt2r,0.0,0.0
PIt2m,11.98128764110533,25.288591560006772
PMI12346PH,0.0,0.0
PMI1346PH,0.0,0.0
PNTOt2,0.0,0.0
POLYAO,0.0,0.0
POLYAO2,0.0,0.0
PPNCL2,3.66701747453639e-06,0.0
PROt2r,0.0,0.0
PSPHPL,0.0,0.0
PTE2x,0.0,0.0
PUNP1m,0.0,0.0
PUNP3m,0.0,0.0
PUNP7,0.0,0.0
PYAM5PO,0.0,0.0
PYDXNO,0.0,0.0
PYDXO,0.0,0.0
PYR5CDm,0.0,0.0
PYRt2,0.0,0.0
PYRt2m,0.88723203037064,1.705075943580607
QUILSYN,0.0,0.0
RBFKm,0.0,0.0
RIBFLVt2,0.0,0.0
RNDR1n,0.0,8.025110302200801e-06
RNDR2n,0.0,0.0
RNDR3n,0.0,0.0
RNDR4n,0.0,0.0
RNMK,0.0,0.0
RNTR1,0.00047440730006430396,0.0
RNTR2,0.0,0.0
RNTR3,0.0,0.0
RNTR4,0.0,0.0
SBT_Lt,0.0,0.0
SERt2r,0.0,0.0
SLFAT,0.006800891993370601,0.0010469400015692795
SPHPL,1.0402301918936644e-06,4.748162285924382e-06
SQ23EPXter,0.001137619737868062,0.0017513774146397478
SQLter,0.001137619737868062,0.0017513774146397478
SRB_Lt,0.0,0.0
SUCCt2r,0.0,0.0
SUCD2_u6m,0.677725984131783,1.6501796079739393
T4HCINNMFM,0.0,0.0
THIORDXi,0.0,8.064942337549651e-06
THMDPe,8.88560366359673e-08,1.991601767457959e-08
THMDt2,0.0,0.0
THMPe,0.0,0.0
THMt2,8.88560366359673e-08,1.991601767457959e-08
THRA2i,0.0,0.0
THRD_Lm,0.0,0.0
THRt2r,0.0,0.0
THYMt3r,0.0,0.0
TMDPP,0.0,0.0
TMDPPK,0.0,0.0
TRDRm,0.0,0.0
TREt2,0.0,0.0
TRPt2r,0.0,0.0
TRPTA,0.0,0.0
TYRt2r,0.0,0.0
udpg4e,0.0,0.0
UMPKn,0.0,0.0
URAt2,0.0,0.0
UREA2t2,0.0,0.0
URIDK2rn,0.0,0.0
URIt2,0.0,0.0
VALt2r,0.0,0.0
XANt,0.0,0.0
XPPT,0.0,0.0
XTSNt2,0.0,0.0
XYLR,0.0,0.0
XYLt,0.0,0.0
XYLTt,0.0,0.0
YUMPS,0.0,0.0
ZYMSTt,0.0,0.0
NDP7,0.0,0.0
ACOAHim,0.0,0.0
NADS1n,0.0,0.0
TYRTAim,0.0,0.0
TYRTAip,0.0,0.0
FTHFLmi,0.0,0.0
GLYCDy,0.0,0.0
VALTAim,0.0,0.0
DASYNm_PP,4.849233185789755e-05,6.763726283670249e-05
PSERSm_PP,0.0,0.0
DHORDfum,8.8856036634426e-08,0.0
BTDD_RR,0.0,0.0
G6PI3,0.0,0.0
PPTTm,8.8856036635515e-08,1.9916017674681178e-08
ACON3MT,0.0,0.0
PI3P5K_PP,0.0,0.0
HEMEOSm,0.0,0.0
GGTT,8.8856036635515e-08,1.9916017674681178e-08
C3STDH2,0.001137619737868062,0.0017513774146397478
C3STKR2,0.001137619737868062,0.0017513774146397478
C4STMO2,0.001137619737868062,0.0017513774146397478
PLBP1I_PPe,0.0,0.0
ACALDCD,0.0,0.0
ARAB14LO,0.0,0.0
16GS,0.0,0.0
GLCGSDv,0.0,0.0
3IPM3MT,0.0,0.0
3MOBDC,0.0,0.0
4MOPDC,0.0,0.0
ACHLE1,0.0,0.0
ACHLE2,0.0,0.0
ACHLE3,0.0,0.0
ALCD22xi,0.0,0.0
ALCD22xim,0.0,0.0
ALCD22yi,0.0,0.0
ALCD23xi,0.0,0.0
ALCD23xim,0.0,0.0
ALCD23yi,0.0,0.0
ALCD24xi,0.0,0.0
ALCD24xim,0.0,0.0
ALCD24yi,0.0,0.0
ALCD25xi,0.0,0.0
ALCD25xim,0.0,0.0
ALCD25yi,0.0,0.0
ALCD26xi,0.0,0.0
ALCD26xim,0.0,0.0
PTE10x,0.0,0.0
PTE11x,0.0,0.0
PTE7x,0.0,0.0
PTE8x,0.0,0.0
PTE9x,0.0,0.0
PCDAGAT,1.2405897484542117e-05,2.0151292788693552e-05
DHORD4i,0.0071429642443386,0.0002821388997475462
DHORDi,0.0,0.0
COAHLp,0.0,0.0
LPP_PP,0.0,0.0
MI13456PKn,0.0,0.0
PI35BP5P_PP,0.0,0.0
PIN4Kn_PP,0.0,0.0
PMI12346PS,0.0,0.0
PMI1346PS,0.0,0.0
HEMEOMOm,0.0,0.0
PYRDC2,0.0,0.0
SBPP2er,0.0,0.0
C22STDSx,0.001137619737868062,0.0017130756313291117
LNS14DMx,0.001137619737868062,0.0017513774146397478
THZPSN1_PP,0.0,0.0
THZPSN2_PP,0.0,0.0
2MBALDt,0.0,0.0
2MBTOHt,0.0,0.0
2MPPALt,0.0,0.0
2PHETOHt,0.0,0.0
3C3HMPt,0.0,0.0
3MBALDt,0.0,0.0
3MOPt,0.0,0.0
4ABZt,0.0,0.0
BTDt_RR,0.0,0.0
FECOSTt,0.0,0.0
G3PIt,0.0,0.0
GLXt,0.0,0.0
GLYCt2,0.0,0.0
IAMOHt,0.0,0.0
IBUTOHt,0.0,0.0
IND3ETHt,0.0,0.0
LANOSTt,0.0,0.0
NACt,0.0,0.0
NADPt,0.0,0.0
NFORTYRt,0.0,0.0
NH4ti,0.0,0.0
OAAt,0.0,0.0
PACALDt,0.0,0.0
PTRCt3i,0.0,0.0
PTRCtex2,0.0,0.0
SO3ti,0.0,0.0
SPMDt3i,0.0,0.0
SPMDtex2,0.0,0.0
SPRMt2i,0.0,0.0
TTDCAtr,0.0,0.0
GDPMANNtg,0.0,0.0
UDPGALt2g,0.0,0.0
2MBALDtm,0.0,0.0
2MBTOHtm,0.0,0.0
2MPPALtm,0.0,0.0
3DH5HPBtm,0.0,0.0
3MBALDtm,0.0,0.0
CTPtm,4.849233185789755e-05,6.763726283670249e-05
D_LACt2m,0.0,0.0
IAMOHtm,0.0,0.0
IBUTOHtm,0.0,0.0
IND3ETHtm,0.0,0.0
IPDPtm,8.8856036635515e-08,1.9916017674681178e-08
PACALDtm,0.0,0.0
PENDPtm,8.8856036635515e-08,1.9916017674681178e-08
GLUt7m,0.059286092765710785,0.01248353382757475
THMPPt2m,0.0,0.0
HCO3tn,0.0,0.0
TRDOXtp,0.009108225330561928,0.0010742291312935857
TRDRDtp,-0.009108225330561928,-0.0010742291312935857
ASNt6,0.0,0.0
GLNt6,0.0,0.0
GLUt7,0.0,0.0
ILEt6,0.0,0.0
LEUt6,0.0,0.0
TCHOLAabcv,0.0,0.0
NFTYROX,0.0,0.0
2DOXG6PP,0.0,0.0
THIORDXm,0.0,0.0
THIORDXni,0.0,-8.025110302200801e-06
THIORDXp,-0.009108225330561928,-0.0010742291312935857
GCC2bim,0.0,0.0
10FTHFtm,-0.00019775667203823853,-0.00043262374851156906
2OXOADPTm,0.015343908925291076,0.003281777965676238
3HAD100m,0.0,0.0
3HAD120m,0.0,0.0
3HAD140m,0.0,0.0
3HAD160m,0.0,0.0
3HAD180m,0.0,0.0
3HAD40m,0.0,0.0
3HAD60m,0.0,0.0
3HAD80m,0.0,0.0
3M2OBLOXRD1,0.0,0.0
3M2OBLOXRD2,0.0,0.0
3OAR100m,0.0,0.0
3OAR120m,0.0,0.0
3OAR140m,0.0,0.0
3OAR160m,0.0,0.0
3OAR180m,0.0,0.0
3OAR40m,0.0,0.0
3OAR60m,0.0,0.0
3OAR80m,0.0,0.0
3OAS100m,0.0,0.0
3OAS120m,0.0,0.0
3OAS140m,0.0,0.0
3OAS160m,0.0,0.0
3OAS180,0.0,0.0
3OAS60m,0.0,0.0
3OAS80m,0.0,0.0
3SALACBOXL,0.0,0.0
3SALATAi,0.0,0.0
3SPYRSP,0.0,0.0
5HOXINDACTO2OX,0.0,0.0
5HOXINDACTOX,0.0,0.0
5MTHFtm,0.0,0.0
AACOAT,0.0,0.0
AASAD3,0.0,0.0
ACACT10m,0.0,0.0
ACACT1x,0.0,0.0
ACACT2rx,0.0,0.0
ACACT3rx,0.0,0.0
ACGPID,0.0,0.0
ACOAD8m,0.0,0.0
ACOAD9m,0.0,0.0
ACOAH,0.0,0.0
ACODA,0.0,0.0
ACONTx,0.0,0.0
ACPpds,0.0,0.0
ACPS1,0.0,0.0
ADPRDP,-1.7771207283034793e-07,-3.983203534885134e-08
AHSERL2,0.0035138131042406007,0.00045417865846371374
ALATRSm,0.0,0.0
ALCD19,0.0,0.0
ALDD2x,0.0,0.0
ALKP,0.0,0.0
ALKPv,0.0,0.0
AM6SAD,0.0,0.0
AMCOXO,0.0,0.0
AMPTASECG,-8.88560366359673e-08,-1.991601767457959e-08
APAT2r,0.04598171382596982,0.03703661241245787
APRAUR,0.0,0.0
ASP1DC,0.045985380843444355,0.03704052818859594
ASPO1,0.0,0.0
ASPO6,0.0,3.983203534885134e-08
BBHOX,0.0,0.0
BDMT,0.0,0.0
BMTer,0.0,0.0
BPNT2,0.0,0.0
CHTNASE,0.0,0.0
COAtp,0.0,0.0
COAtr,0.0,0.0
CYSO,0.0,0.0
CYSSm,0.0,0.0
CYSTRSm,0.0,0.0
CYTDH,0.0,0.0
CYTDK1,0.0,0.0
DADA,0.0,0.0
DALAOX,0.0,0.0
DALAxt,0.0,0.0
DDPGA,0.0,0.0
DESAT18_10,0.0,0.0
DHAD1,0.0,0.0
DHAD2,0.0,0.0
DHPPDA2,0.0,0.0
DHPS,0.0,0.0
DOLASNT,0.0,0.0
DOLPGT1,0.0,0.0
DOLPGT2,0.0,0.0
DOLPGT3,0.0,0.0
DOLPHer,0.0,0.0
DOLPMT1,0.0,0.0
DOLPMT2,0.0,0.0
DOLPMT3,0.0,0.0
DOLPMT4,0.0,0.0
EAR100ym,0.0,0.0
EAR120ym,0.0,0.0
EAR140ym,0.0,0.0
EAR160ym,0.0,0.0
EAR180xm,0.0,0.0
EAR40ym,0.0,0.0
EAR60ym,0.0,0.0
EAR80ym,0.0,0.0
ECOAH1,0.0,0.0
ECOAH12m,0.0,0.0
ECOAH1x,0.0,0.0
ECOAH2p,0.0,0.0
ECOAH3x,0.0,0.0
ECOAH9ir,0.0,0.0
ETFQO,0.0,0.0
FACOAE160,0.0,0.0
FACOAE180,0.0,0.0
FACOAL180,0.0,0.0
FACOAL183,0.0,0.0
FADDP,-8.88560366359673e-08,0.0
FALDH2,0.0,0.0
FALGTHLs,0.0,0.0
FEROc,0.0,0.0
FOLD3,0.0,0.0
FOMETR,0.0,0.0
FRDO,0.0,0.0
FTCD,0.0,0.0
FTHFDH,0.0,0.0
FTHFDHm,0.0,0.0
G12MT1,0.0,0.0
G12MT2,0.0,0.0
G13MT,0.0,0.0
G16MT,0.0,0.0
GHMT3,0.0,0.0
GLCNACPT,0.0,0.0
GLCNACT,0.0,0.0
GLNtm,0.0,0.0
GLNTRAT,0.0,0.0
GLNTRATm,0.0,0.0
GLNTRSm,0.0,0.0
GluForTx,0.0,0.0
GLUSy,0.0,0.0
GLUTCOADHc,0.0,0.0
GLYO,0.0,0.0
GLYtm,0.0001984675203313241,0.00043278307665296567
GLYTRSm,0.0,0.0
GNK,0.0,0.0
GPDDA2,0.0,0.0
GPIMTer,0.0,0.0
GTHRDHpp,-8.88560366359673e-08,-1.991601767457959e-08
GUACYC,0.0,0.0
H2ETer,0.0,0.0
H5MTer,0.0,0.0
H6ET3er,0.0,0.0
H6MTer,0.0,0.0
H6MTg,0.0,0.0
HACD1,0.0,0.0
HACD1x,0.0,0.0
HACD2x,0.0,0.0
HACD3x,0.0,0.0
HACD9m,0.0,0.0
HACDp20,0.0,0.0
HACDp22,0.0,0.0
HACDp24,0.0,0.0
HIBDm,0.0,0.0
HISD,0.0,0.0
HMGLm,0.0,0.0
HSERTAm,0.0035138131042406007,0.00045417865846371374
HXAND,0.0,0.0
IZPN,0.0,0.0
KAS14m,0.0,0.0
KATp20,0.0,0.0
KATp22,0.0,0.0
KATp24,0.0,0.0
KYNAKGAT,0.0,0.0
LFORKYNHYD,0.0,0.0
LPASE,0.0,0.0
lplipa2,0.0,0.0
LTA4H,0.0,0.0
LYSMTF1n,0.0,0.0
LYSMTF2n,0.0,0.0
LYSMTF3n,0.0,0.0
M4BET2er,0.0,0.0
M4CET3er,0.0,0.0
MAN1PT2,0.039157187043826334,0.004689131941255983
MAOX,0.0,0.0
MCCCrm,0.0,0.0
MCITD,0.0,0.0
ME1,0.0,0.0
MG1er,0.0,0.0
MG2er,0.0,0.0
MG3er,0.0,0.0
MGCHrm,0.0,0.0
MI13PP,0.0,0.0
MI145P6Kc,0.0,0.0
MI145PP,0.0,0.0
MI14PP,0.0,0.0
MI3PP,0.00018321874042365213,0.00020485234448961047
MI4PP,0.0,0.0
MICITDm,0.0,0.0
MM8Ber,0.0,0.0
MMSAD3,0.04598171382596982,0.03703661241245787
MMTSAO,0.0,0.0
MTAN,0.0,0.0
MTRK,0.0,0.0
NADDP,0.0,0.0
NADDPm,0.0,0.0
NADS2m,0.0,0.0
NICRNS,0.0,0.0
NICRNSm,1.7771207283034793e-07,0.0
NODOx,0.0,0.0
NP1,0.0,0.0
NTP1,0.0,0.0
NTP1er,0.0,0.0
NTP1g,0.0,0.0
NTP1m,0.0,0.0
NTP3v,0.0,0.0
NTPP1,0.0,0.0
OPAHir,0.0,0.0
P5CRm,0.011805988508757874,0.0018883833475670483
PCLAD,0.0,0.0
PDHa1,0.8346789912598714,1.700052041655548
PDHa2,0.8248045950860121,1.698155254257778
PI4PP,0.0,0.0
PIACGT,0.0,0.0
PIPLC,0.0,0.0
pla2_2,0.0,0.0
plipa2,0.0,0.0
PPAtm,0.0,0.0
PPItx,0.0,0.0
PPNCL3,0.0,3.9157761380762214e-06
PROAKGOX1r,0.0,0.0
PROTRSm,0.0,0.0
PUTA3,-0.011805988508757874,-0.0018883833475670483
SBTPD,0.0,0.0
SERTRSm,0.0,0.0
SPMDOX,0.0,0.0
SPODM,0.0,0.0
SPODMm,0.0,0.0
St,0.0,0.0
SUCCtp,0.0,0.0
THFtm,0.00019775667203823853,0.0004245787221916918
TMABADH,0.0,0.0
TMLYSOX,0.0,0.0
TRPS2,0.0,0.0
TRPS3r,0.0,0.0
UDPDOLPT,0.0,0.0
UDPGP,0.0,0.0
URCN,0.0,0.0
UREAt,0.0,0.0
VALt5m,0.0,0.0
VPAMT,0.0,0.0
XAND,0.0,0.0
XAO2,0.0,0.0
ABTDG,0.0,0.0
ASNtm,0.0,0.0
3HBCOAHLm,0.0,0.0
GLNFRDOX,0.0,0.0
FCYTB5R,0.0028195912130736995,0.003069937774874867
NADHKm,0.0,0.0
OSUCCCL,0.0,0.0
OSUCCCLm,0.0,0.0
ACOAO20p,0.0,0.0
ACOAO22p,0.0,0.0
ACOAO24p,0.0,0.0
ACOAO04p,0.0,0.0
ACOAO06p,0.0,0.0
ACOAO08p,0.0,0.0
GTP89H,8.8856036634426e-08,1.991601767646973e-08
ICLx,0.0,0.0
PAPSH,0.0,0.0
TRNAALAMET,0.0,0.0
TRNAGUAMETc,0.0,0.0
TRNAGUAMETm,0.0,0.0
AKGDH1,0.0,0.0
TRPOX,0.0,0.0
ETHAMPPL,0.0,0.0
SO3FDXRD,0.0,0.0
CYSTH2SS,0.003287078889130001,0.0005927613431055659
FOLR,0.0,8.04502631987727e-06
NFORAH,0.0,0.0
E3MMALOR,0.009874396173859261,0.0018967873977697865
DOLPPP,0.0,0.0
TRNADMPPT,0.0,0.0
HISTD,0.005085585711190227,0.0012949154338605274
INOSTK1,0.0,0.0
PCH,0.0,0.0
AGL_PP,0.0,0.0
PAL_PP,0.0,0.0
BDGLC1R,0.0,0.0
GLCISO,0.0,0.0
HYPTAURDH,0.0,0.0
HXDCALOR,0.0,0.0
DHORDm,0.0,0.0
ICDOXSUC,0.0,0.0
ICDOXSUCm,0.0,0.0
2OXOADOX,0.0,0.0
PGH,0.0,0.0
PETH,0.0,0.0
PEH,0.0,0.0
URATEHO,0.0,0.0
OLIGOPK,0.0,0.0
FCYTDESAT18,0.0028195912130736995,0.003069937774874867
FAOXC183806x,0.0,0.0
FOLR2m,0.0,8.04502631987727e-06
CHTNDAe,0.0,0.0
NARGNHOX,0.0,0.0
FICYTCS,0.0,0.0
4HPHACR,0.0,0.0
PDHbrm,0.8248045950860121,1.698155254257778
GALURUT,0.0,0.0
3OASTO,0.0,0.0
3M2OBLOXRD3,0.0,0.0
ECOAH9p,0.0,0.0
ECOAH10p,0.0,0.0
ECOAH12p,0.0,0.0
SBTK6,0.0,0.0
GGLUCTC,0.0,0.0
HISTD1,0.005085585711190227,0.0012949154338605274
RNAUUM,0.0,0.0
TRNAPSURI,0.0,0.0
TRNAPSURIm,0.0,0.0
4NPHPP,0.0,0.0
PTPPALDHT,0.0,0.0
MCPSULT,0.0,0.0
ARDENDR,0.0,0.0
13DAMPPO,0.0,0.0
ACOAD10NADm,0.0,0.0
3MOPDH3,0.0,0.0
AKGDH2,0.0,0.0
LANOSTD24,0.0,0.0
ARGTRNATR,0.0,0.0
CITCONH,0.009874396173859261,0.0018967873977697865
E3MMALH,0.009874396173859261,0.0018967873977697865
ALLTNISOR,0.0,0.0
4MOPDH3,0.0,0.0
GLUAATRANS,0.0,0.0
ASPTRNAQL,0.0,0.0
ASPTRNAQLm,0.0,0.0
NTMELYSH,0.0,0.0
LPEAT_PP,0.0,0.0
OXPTPH,8.8856036634426e-08,1.991601767646973e-08
ALACPYRL,0.009874396173859261,0.0018967873977697865
4HTHBDH,0.0,0.0
BTNCBXLH,0.0,0.0
UPPDC2,0.0,0.0
FAPTPAH,8.8856036634426e-08,1.991601767646973e-08
25DAPTPM,8.8856036634426e-08,1.991601767646973e-08
3H3M2OPR,0.009874396173859261,0.0018967873977697865
3H3M2OPS,0.009874396173859261,0.0018967873977697865
BTNAPOCL,0.0,0.0
DHDPP,0.0,0.0
GPIAT,0.0,0.0
CERASE224,0.0,0.0
CERASE226,0.0,0.0
5HIURATEH,0.0,0.0
OHCUREIMDZLNCAR,0.0,0.0
PAOX,0.0,0.0
4HPHACS,0.0,0.0
MI3PS,0.00018321874042365213,0.00020485234448961047
DKMPPDb,0.0,0.0
DKMPPDa,0.0,0.0
CITMALS,0.009874396173859261,0.0018967873977697865
CYSST,0.0,0.0
4MOPDH1,0.0,0.0
4MOPDH2,0.0,0.0
3MOPDH1,0.0,0.0
3MOPDH2,0.0,0.0
OGLYCOS,0.0,0.0
OACPN6OT,0.0,0.0
PN6OLST,0.0,0.0
OACPSST,0.0,0.0
LPACPN6LPT,0.0,0.0
LPTAYYLT,0.0,0.0
LPPROTL,0.0,0.0
SERSECTRSm,0.0,0.0
SERSECTRS,0.0,0.0
APCADVS,0.0,0.0
SLD,0.0,0.0
DOLPMT5,0.0,0.0
IND3ACS,0.0,0.0
16MANASE,0.0,0.0
AGPGAT,0.0,0.0
AGPGS,0.0,0.0
MLCLPNAT,0.0,0.0
CLPNAH,0.0,0.0
DAHSS,0.0,0.0
Coq1,0.0,0.0
TRNADHUS,0.0,0.0
STEROLS,0.0,0.0
GLYCERIDES,0.0,0.0
LIPIDS,0.0,0.0
PI1456PP,0.0,0.0
ALTOX,0.0,0.0
G15LACH,0.0,0.0
L_LACDm,0.0,0.0
PMTCOAtr,0.0,0.0
ACter,0.0,0.0
PIt2er,0.0,0.0
ATPter,0.0,0.0
ADPter,0.0,0.0
PTD1INOter,0.0,0.0
CDPter,0.0,0.0
UDPGLCtr,0.0,0.0
CTPter,0.0,0.0
ATPter_H,0.0,0.0
GDPMANter,0.0,0.0
H2O2ter,0.0,0.0
LCYSTINter,0.0,0.0
UMPter,0.0,0.0
NO3t,0.0,0.0
ACPt,0.0,0.0
CHITINt,0.0,0.0
CHITOSt,0.0,0.0
D_LACt,0.0,0.0
growth,0.0888560366359673,0.01991601767457959
L_LACt,0.0,0.0
PIt2g,0.0,0.0
ATPtg_H,0.0,0.0
GTHOXtm,0.0,0.0
H2Stm,0.0,0.0
NCAMtm,-1.7771207283034793e-07,-3.983203534885134e-08
ACHMStm,-0.0035138131042406007,-0.00045417865846371374
HOMtm,-0.0035138131042406007,-0.00045417865846371374
OROTtm,0.0,0.0
METtm,0.0,0.0
TRPtm,0.0,0.0
TYRtm,0.0,0.0
CYStm,0.0,0.0
Stm,0.0,0.0
1PYR5Ctm,0.011805988508757874,0.0018883833475670483
4MOPtm,-0.017473022343408893,-0.0034904387830212245
METHFtm,0.0,0.0
GTHRDtm,0.0,0.0
ACSERtm,0.0,0.0
ACORNtm,0.0,0.0
ACACtm,0.0,0.0
NADtm,0.0,0.0
MALSUCCtm,0.0,0.0
AKGMALtm,1.0949980623014768,1.7864460194792589
FEt1m,8.88560366359673e-08,1.991601767457959e-08
DHORtm,0.0,0.0
THRtm,0.0,0.0
2HETHPPtm,0.0,0.0
2MOPtm,0.0,0.0
ACCOAtm,0.0,0.0
ALACtm,0.0,0.0
CBPtm,0.0,0.0
CPPPG3tm,0.0,0.0
HCITtm,0.0,0.0
LCADtm,0.0,0.0
LKYNRtm,0.0,0.0
SERtm,0.0,0.0
TTC_GGDPtm,0.0,0.0
23DHMPtm,0.0,0.0
CRNCAR8tp,0.0,0.0
B2COAtp,0.0,0.0
CITtp,0.0,0.0
AKGMALtp,0.0,0.0
FA183COAabcp,0.0,0.0
FA240COAabcp,0.0,0.0
FA260COAabcp,0.0,0.0
DHAtv,0.0,0.0
GTPGDPtv,0.0,0.0
MANtv,0.0,0.0
GTPtv,0.0,0.0
DHAPtv,0.0,0.0
ODCALOR,0.0,0.0
34HPPOR,0.0,0.0
ASPGLUtp,0.0,0.0
CO2tg,0.0,0.0
CRNCARtp,0.0,0.0
DHFtm,0.0,8.04502631987727e-06
FLDO,0.0,0.0
FTHFCLm,0.0,0.0
FUMAC,0.0,0.0
G5SADsm,0.011805988508757874,0.0018883833475670483
GLUN,0.0,0.0
HGNTOR,0.0,0.0
MACACI,0.0,0.0
NADN,-1.7771207283034793e-07,-3.983203534885134e-08
NADPPPS,-8.885603667072601e-08,-1.9916017690778156e-08
NH4tp,0.0,0.0
NTD1,0.0,0.0
NTD11,0.0,0.0
NTD6,0.0,0.0
NTD8,0.0,0.0
NTD9,0.0,0.0
NTP3,0.0,0.0
P5CDm,0.0,0.0
PEtg_SC,0.0,0.0
PROtm,0.0,0.0
PStg_SC,0.0,0.0
QULNS,0.0,3.983203534885134e-08
SERAT,0.0,0.0
PHOSPHOLIPIDS,0.0,0.0
PROTEINS,0.0,0.0
CARBOHYDRATES,0.0,0.0
RNA,0.003891233388630182,0.00017445052683411468
DNA,0.0007104296253437184,8.390078726817355e-06
COF,0.0888560366359673,0.01991601767457959
Consensus,0.0,0.0
HEXDPtm,0.0,0.0
PItv,0.0,0.0
ACACT9p,0.0,0.0
ACOAO9p,0.0,0.0
CERS124,0.0,3.281728204561409e-06
CERS126,1.7427718908955122e-06,0.0
CERS224,2.591257018820507e-06,0.0
CERS226,0.0,1.879132317735966e-06
FA182COAabcp,0.0,0.0
LGTHL,0.0,0.0
PDE1,0.0,0.0
PDE4,0.0,0.0
TREHe,0.0,0.0
PSERDv_PP,0.0,0.0
MNTt,0.0,0.0
METOHte,0.0,0.0
ACPtm,0.0,0.0
METOHtx,0.0,0.0
O2tx,0.004554112665280964,0.0005371145656467929
PStv_PP,0.0,0.0
PEtv_PP,0.0,0.0
CDPDGPm_PP,4.849233185789755e-05,6.763726283670249e-05
13BGH,0.0,0.0
13GS,0.1929998706937752,0.06578561280671365
2DHPtm,0.0,0.0
3C3HMPtm,-0.017473022343408893,-0.0034904387830212245
3DSPHR,7.992250031248222e-06,1.0079686907083805e-05
3HAO,0.0,0.0
3MOBtm,-0.012633382456650664,-0.002897933124592588
3MOPtm,-0.0017533589606941176,0.0030140645588419127
4HBZtm,8.8856036635515e-08,1.9916017674681178e-08
5AOPtm,-7.108482930877384e-07,-1.5932814139663672e-07
AATA,0.015343908925291076,0.003281777965676238
ABTA,0.0,0.0
L_ABTt,0.0,0.0
ABUTDm,0.0,0.0
ACACT1,0.0,0.0
ACACT4p,0.0,0.0
ACACT5p,0.0,0.0
ACACT6p,0.0,0.0
ACACT7p,0.0,0.0
ACACT8p,0.0,0.0
ACALDtm,0.0,0.0
ACCOACr,0.028212006121764346,0.030738692294506962
ACGAM6PS,0.007811400535175622,0.0009353960243106904
ACGAMPM,0.007811400535175622,0.0009353960243106904
ACGKm,0.019679533521893874,0.0028421492616979164
ACGSm,0.0,0.0
ACLSm,0.030106404800059557,0.0063883719076138126
ACOAO4p,0.0,0.0
ACOAO5p,0.0,0.0
ACOAO6p,0.0,0.0
ACOAO7p,0.0,0.0
ACOAO8p,0.0,0.0
ACOATA,0.0035977240994111937,0.003919915354334145
ACOATAm,0.0,0.0
ACONT,-8.8856036634426e-08,0.0
ACONTm,0.7679951848788236,1.659403706898783
ACOTAim,0.019679533521893874,0.0028421492616979164
ACS,0.0035138131042406007,0.00045417865846371374
ACtm,0.0,0.0
ADCL,8.8856036634426e-08,1.991601767646973e-08
ADCS,8.8856036634426e-08,1.991601767646973e-08
ADK1m,0.0,0.0
ADMDC,0.0,0.0
ADNCYC,0.0,0.0
ADNK1,0.0029699709187298285,0.002717379763442964
ADPT,0.0,0.0
ADSK,0.006800891993370601,0.0010469400015692795
ADSL1r,0.009190995875369038,0.001460327861654219
ADSL2r,0.0073211913865330784,0.0002939721105436292
ADSS,0.009190995875369038,0.001460327861654219
AGAT_PP,0.0017135516871209272,0.0017218465123752052
AGPRim,0.019679533521893874,0.0028421492616979164
AHCi,0.0029699709187298285,0.002717379763442964
AHCYStm,-2.66568109906545e-07,-5.974805302429904e-08
AICART,0.012406777097723306,0.0015888875444041565
AIRCr,0.0073211913865330784,0.0002939721105436292
AKGDbm,0.6777266949800761,1.6501797673020806
AKP1,8.8856036634426e-08,1.991601767646973e-08
ALASm,7.108482930877384e-07,1.5932814139663672e-07
ALATA_L,-0.020778517045868167,-0.00327387185673484
ALATRS,0.0,0.0
ALCD19y,0.0,0.0
ALCD2x,0.0,0.0
ALDD19x,0.0,0.0
ALDD2xm,0.0,0.0
ALLTAHr,0.0,0.0
ALLTNr,0.0,0.0
ALLTNti,0.0,0.0
ALPHNH,0.0,0.0
AMETtm,2.66568109906545e-07,5.974805302429904e-08
AMID3,0.0,0.0
AMPDA,0.0,0.0
ANPRT,0.00605707602162396,0.0008359711211367426
ANS,0.00605707602162396,0.0008359711211367426
AP4AHr,0.0,0.0
ARGN,0.0,0.0
ARGSL,0.019679533521893874,0.0028421492616979164
ARGSSr,0.019679533521893874,0.0028421492616979164
ARGTRS,0.0,0.0
ARGTRSm,0.0,0.0
ASADi,0.01880602794296276,0.004193711616443737
ASNN,0.0,0.0
ASNS1,0.012168738207446895,0.0030608374854038016
ASNTRS,0.0,0.0
ASNTRSm,0.0,0.0
ASPCT,0.007143053100375234,0.0002821388997475462
ASPKi,0.01880602794296276,0.004193711616443737
ASPTA,0.844422898379039,1.7171678220841495
ASPTAm,-0.9769290016676704,-1.7694690786642469
ASPTAp,0.0,0.0
ASPTRS,0.0,0.0
ASPTRSm,0.0,0.0
ATP2tp_H,0.0,0.0
ATPATF1,0.0,0.0
ATPM,2.1762549810976686,24.50907155579947
ATPPRT,0.005085585711190227,0.0012949154338605274
ATPS3m,11.343526756888432,23.641457092747114
ATPS3v,0.0,0.0
ATPtp_H,0.0,0.0
BACCL,0.0,0.0
BPNT,0.006800891993370601,0.0010469400015692795
BTSr,0.0,0.0
C14STR,0.001137619737868062,0.0017513774146397478
C22STDS,0.0,0.0
C24STRer,0.001137619737868062,0.0017130756313291117
C3STDH1,0.001137619737868062,0.0017513774146397478
C3STKR1,0.001137619737868062,0.0017513774146397478
C4STMO1,0.001137619737868062,0.0017513774146397478
C5STDS,0.001137619737868062,0.0017130756313291117
C8STI,0.001137619737868062,0.0017130756313291117
CATp,0.004554112665280964,0.0005371145656467929
CBPS,0.02682258662226911,0.0031242881614454627
CHLPCTD,0.0,0.0
CHOLK,0.0,0.0
CHORM,0.014082835663717751,0.0025682263094994997
CHORS,0.020140089397414983,0.0034042372626715937
CHRPL,8.8856036635515e-08,1.9916017674681178e-08
CHTNS,0.007811400535175622,0.0009353960243106904
CITtam,0.02014017825345162,0.0
CITtcm,0.0,0.0
CLPNSm_PP,0.0,0.0
CO2t,-2.507353620972864,-5.148204193703613
CO2tm,-2.35245709252029,-5.0319399388500425
CO2tv,0.0,0.0
CPPPGO,8.88560366359673e-08,1.991601767457959e-08
CRNCARtm,0.0,0.0
CSm,0.767995096022787,1.659403706898783
CSNATm,0.0,0.0
CSNATp,0.0,0.0
CSNATr,0.0,0.0
CSND,0.0,0.0
CSp,0.0,0.0
CTPS1,0.003025044836321095,0.00013561783956084065
CYSS,0.0,0.0
CYSTGL,0.0,0.0
CYSTL,0.0,0.0
CYSTRS,0.0,0.0
CYSTS,0.0,0.0
CYTD,0.0,0.0
CYTDK2,0.0,0.0
CYTK1,-0.0014560384997963378,0.0011444591446581455
CYTK2,0.0,0.0
DADK,-0.0006795259366412667,-8.025110302200801e-06
DAGCPT_PP,0.0,0.0
DAGPYP_PP,0.00014821236807070117,0.00044176952815621885
DAGPYPer_PP,0.0,0.0
DB4PS,3.554241465438692e-07,7.966407069831836e-08
DCMPDA,-0.0004741407319543977,-5.599538542277903e-06
DDPA,0.0,0.0034042372626715937
DGK1,-0.0004741407319543977,-5.599538542277903e-06
DHAD1m,0.030106404800059557,0.0063883719076138126
DHAD2m,0.009874396173859261,0.0018967873977697865
DHAK,0.0,0.0
DHAPtm,0.0,0.0
DHFRi,0.0006796147926779011,0.0
DHFS,8.8856036634426e-08,1.991601767646973e-08
DHNPAm,8.8856036634426e-08,1.991601767646973e-08
DHORTS,-0.007143053100375234,-0.0002821388997475462
DHQS,0.020140089397414983,0.0034042372626715937
DHQTi,0.020140089397414983,0.0034042372626715937
DIPS,0.0,0.0
D_LACDm,0.0,0.0
D_LACt2,0.0,0.0
DMATT,0.0022753283317727595,0.0035027747452971705
DOLPMTcer,0.039156686189254844,0.004688916966339799
DPCOAK,3.66701747453639e-06,3.9157761380762214e-06
DPMVD,0.006826251563428184,0.010508383983944535
DPR,3.66701747453639e-06,3.9157761380762214e-06
DTMPK,0.0,0.0
DURIPP,0.0,0.0
DUTPDP,0.0,0.0
ECOAH11p,0.0,0.0
ECOAH4p,0.0,0.0
ECOAH5p,0.0,0.0
ECOAH6p,0.0,0.0
ECOAH7p,0.0,0.0
ECOAH8p,0.0,0.0
EHGLAT,0.0,0.0
ENO,1.1463512223927268,1.7809007946524784
ETHAK,0.0,0.0
ETHAPT_PP,0.0,0.0
ETOHt,0.0,0.0
ETOHtm,0.0,0.0
FA120ACPH,0.0,0.0
FA140ACPH,0.0,0.0
FA140COAabcp,0.0,0.0
FA160ACPH,4.55290610364475e-07,6.790877594118656e-07
FA160COAabcp,0.0,0.0
FA180ACPH,8.065638454035157e-07,4.239738625374566e-06
FA180COAabcp,0.0,0.0
FA181COAabcp,0.0,0.0
FACOAL160,0.0,0.0
FACOAL181,0.0,0.0
FACOAL182,0.0,0.0
FADFMNtm,0.0,0.0
FBA,0.5685139299993606,0.8830858951207382
FBP,0.0,0.0
FBP26,0.0,0.0
FCLTm,8.88560366359673e-08,1.991601767457959e-08
FDH,0.0,0.0017515168267634718
FE2t,8.88560366359673e-08,1.991601767457959e-08
FKYNH,0.0,0.0
FMETTRSm,0.0,0.0
FMNAT,0.0,1.991601767457959e-08
FORt,0.0,0.0
FRTT,8.8856036635515e-08,1.9916017674681178e-08
FTHFCL,0.0,0.0
FTHFLi,0.0011382417301245122,0.0
FUM,0.03619163192775946,0.00459644923389579
FUMm,0.677725984131783,1.6501796079739393
G3PD1ir,0.001762044018978825,0.0017894837752119076
G3PD1irm,0.0,0.0
G3PDm,0.0,0.0
G3PT,0.0,0.0
G5SADr,0.0,0.0
G5SD,0.0,0.0
G6PDH2,0.2450455211307229,0.08892722835842662
GALU,0.2519941721224862,0.07806618480208954
GAPD,1.201042252232041,1.791688783345929
GARFTi,0.0073211913865330784,0.0002939721105436292
GAT2_PP,0.0,0.0
GCCam,0.0,0.0
GCCbim,0.0,0.0
GCCcm,0.0,0.0
GF6PTA,0.007811400535175622,0.0009353960243106904
GHMT2r,0.025558947059179864,0.004633735214783174
GHMT2rm,0.0,0.0
GK1,0.0,5.659286595303534e-06
GLCGSD,0.0,0.0
GLCP,0.0,0.0
GLCS2,0.03211939484693544,0.011843276997937113
GLCtv,0.0,0.0
GLNS,0.0975090209222321,0.010551627680200563
GLNTRS,0.0,0.0
GLPT,0.0,0.0
GLU5K,0.0,0.0
GLUCYS,0.0,0.0
GLUDC,0.0,0.0
GLUDxi,0.0,0.0
GLUDyi,0.3464314240251285,0.05681875681450625
GLUPRT,0.0073211913865330784,0.0002939721105436292
GLUSx,0.0,0.0
GLUTRS,0.0,0.0
GLUTRSm,0.0,0.0
GLYC3Ptmc,4.849233185789755e-05,6.763726283670249e-05
GLYCt,0.0,0.0
GLYK,0.0,0.0
GLYOX,0.0,0.0
GLYTRS,0.0,0.0
GMPS2,0.003215781222354267,0.00012855968274993733
GND,0.2450455211307229,0.08892722835842662
GPDDA1,0.0,0.0
GRTT,0.0022753283317727595,0.0035027747452971705
GTHO,0.0,0.0
GTHOm,0.0,0.0
GTHPm,0.0,0.0
GTHS,0.0,0.0
GTPCII,1.777120732719346e-07,3.983203534915918e-08
GTPH1,0.0,0.0
GUAD,0.0,0.0
GUAPRT,0.0,0.0
H2Ot,-3.583401832014817,-5.363821800529102
H2Otm,-14.818750146815605,-30.463400316461243
H2Otp,0.009108225330561928,0.0010742291312935857
H2Otv,0.0,0.0
HACD10p,0.0,0.0
HACD4p,0.0,0.0
HACD5p,0.0,0.0
HACD6p,0.0,0.0
HACD7p,0.0,0.0
HACD8p,0.0,0.0
HACNHm,0.015343908925291076,0.003281777965676238
HCITSm,0.015343908925291076,0.003281777965676238
HCYSMT,0.0,0.0
HETZK,0.0,0.0
HEX1,1.0,1.0
HEX4,0.0,0.0
HEX7,0.0,0.0
HISTP,0.005085585711190227,0.0012949154338605274
HISTRS,0.0,0.0
HISTRSm,0.0,0.0
HKYNH,0.0,0.0
HMBS,8.88560366359673e-08,1.991601767457959e-08
HMGCOAR,-0.006826251563428184,-0.010508383983944535
HMGCOAS,0.0,0.0
HMGCOAtm,-0.006826251563428184,-0.010508383983944535
HPPKm,0.0,0.0
HPROa,0.0,0.0
HSDxi,0.01880602794296276,0.004193711616443737
HSDyi,0.0,0.0
HSERTA,0.0,0.0
HSK,0.015292214838722158,0.0037395329579800237
HSTPT,0.005085585711190227,0.0012949154338605274
HXPRT,0.0,0.0
ICDHy,0.0,0.0
ICL,-8.8856036634426e-08,0.0
GCALDD,8.8856036634426e-08,1.991601767646973e-08
GLYCLTDy,-8.8856036634426e-08,-1.991601767646973e-08
IG3PS,0.005085585711190227,0.0012949154338605274
IGPDH,0.005085585711190227,0.0012949154338605274
IGPS,0.00605707602162396,0.0008359711211367426
ILETA,-0.0017533589606941176,0.0030140645588419127
ILETRS,0.0,0.0
ILETRSm,0.0,0.0
IMPC,-0.012406777097723306,-0.0015888875444041565
IMPD,0.003215781222354267,0.00012855968274993733
IPDDI,0.0022753283317727595,0.0035027747452971705
IPMD,0.017473022343408893,0.0034904387830212245
IPPMIa,-0.017473022343408893,-0.0034904387830212245
IPPMIb,-0.017473022343408893,-0.0034904387830212245
IPPS,0.0,0.0
KARA1im,0.030106404800059557,0.0063883719076138126
KYN,0.0,0.0
KYN3OX,0.0,0.0
LEUTA,-0.017473022343408893,-0.0034904387830212245
LEUTRS,0.0,0.0
LEUTRSm,0.0,0.0
LNS14DM,0.0,0.0
LNSTLS,0.001137619737868062,0.0017513774146397478
LYSTRS,0.0,0.0
LYSTRSm,0.0,0.0
MALS,0.0,0.0
MALSp,0.0,0.0
MALtm,0.0,0.0
MAN1PT,0.0,0.0
MAN6PI,-0.039157187043826334,-0.004689131941255983
MCITDm,0.015343908925291076,0.003281777965676238
MCOATA,0.01798862049705597,0.019600255859430142
MCOATAm,0.0,0.0
MDH,-1.0386662521202656,-1.781849570245363
MDHm,1.7449240976904574,3.42887278556303
MDHp,0.0,0.0
MDRPD,0.0,0.0
ME1m,0.0,0.007752841890168112
METAT,0.0029699709187298285,0.002717379763442964
METS,0.00648378402297043,0.0031715584219066777
METTRS,0.0,0.0
METTRSm,0.0,0.0
MEVK1,0.005370213063631846,0.010508383983944535
MI1PP,-2.1474285063808026e-07,0.0
MOHMT,3.66701747453639e-06,3.9157761380762214e-06
MTHFD,0.018391970082093635,0.0014502359064362167
MTHFD2i,0.0,0.0
MTHFDm,0.00019775667203823853,0.00043262374851156906
MTHFR3,0.00648378402297043,0.0031715584219066777
MTRI,0.0,0.0
NADK,0.0,0.0
NADKm,0.0,0.0
NADS1,0.0,0.0
NAPRT,0.0,0.0
NAPRTm,-1.7771207283034793e-07,-3.983203534885134e-08
NDP3,0.0,0.0
NDPK1,0.009191262443478943,0.0014603876097072448
NDPK2,0.2628306174939829,0.07913719866596107
NDPK3,0.0,0.0011444591446581455
NDPK4,0.0,0.0
NDPK5,0.0,0.0
NDPK6,0.0,0.0
NDPK7,0.0,0.0
NDPK8,0.0,0.0
NH4t,0.4472415184194508,0.06707889846022767
NH4tm,-0.0001975789599654082,-0.0004325839164762202
NMNAT,0.0,0.0
NMNATm,0.0,0.0
NNAMr,0.0,0.0
NNAMrm,-1.7771207283034793e-07,-3.983203534885134e-08
NNAT,0.0,0.0
NNATm,0.0,0.0
NNDPR,0.0,0.0
NTD4,0.0,0.0
NTRLASE,0.0,0.0
O2t,2.4732617513700337,5.09499299113981
O2tm,2.458714852827809,5.0686565757125965
OAAt2m,0.0,0.0
OCBTi,0.019679533521893874,0.0028421492616979164
OCDCEAt,0.0,0.0
OMCDC,0.0,0.0
OMPDC,0.007143053100375234,0.0002821388997475462
ORNDC,0.0,0.0
ORNt3m,0.019679533521893874,0.0028421492616979164
ORNTA,0.0,0.0
ORNTACim,0.019679533521893874,0.0028421492616979164
ORPT,-0.007143053100375234,-0.0002821388997475462
PANTS,3.66701747453639e-06,3.9157761380762214e-06
PAPSR,0.006800891993370601,0.0010469400015692795
PC,0.19424335374122653,0.06468174816121343
PDHcm,1.5025312900660883,0.0
PETHCT,0.0,0.0
PETOHM_PP,0.0006103595998684637,0.0003346042166962742
PFK,0.5685139299993606,0.8830858951207382
PFK26,0.0,0.0
PGCD,0.05469102983931414,0.010787988693450304
PGI,0.47590370771959845,0.8323650946425076
PGK,-1.201042252232041,-1.791688783345929
PGL,0.2450455211307229,0.08892722835842662
PGM,-1.1463512223927268,-1.7809007946524784
PGMT,-0.2519941721224862,-0.07806618480208954
PGPPAm_PP,4.849233185789755e-05,6.763726283670249e-05
PHCDm,0.0,0.0
PHETA1,-0.007913813056261262,-0.0015562974540965038
PHETRS,0.0,0.0
PHETRSm,0.0,0.0
PI45BPP_PP,0.0,0.0
PI45BP5P,0.0,0.0
PIN3K_PP,0.0,0.0
PINOS_PP,0.00018300399757301404,0.00020485234448961047
PIt2r,0.016037310295815004,0.0018640593788229872
PMANM,-0.039157187043826334,-0.004689131941255983
PMDPHT,1.777120732719346e-07,3.983203534915918e-08
PMEVK,0.006826251563428184,0.010508383983944535
PMPK,0.0,0.0
PNTK,3.66701747453639e-06,3.9157761380762214e-06
PPA,0.3557439100915752,0.1072209675927425
PPAm,4.849233185833823e-05,6.767709487205186e-05
PPBNGS,3.554241465438692e-07,7.966407069831836e-08
PPCDC,3.66701747453639e-06,3.9157761380762214e-06
PPCK,0.0,0.0
PPM,0.0,0.0
PPND2,0.006169022607456489,0.0010119288554029959
PPNDH,0.007913813056261262,0.0015562974540965038
PPPG9tm,8.88560366359673e-08,1.991601767457959e-08
PPPGOm,4.442801831798365e-08,9.958008837289795e-09
PRAGSr,0.0073211913865330784,0.0002939721105436292
PRAIi,0.00605707602162396,0.0008359711211367426
PRAIS,0.0073211913865330784,0.0002939721105436292
PRAMPC,0.005085585711190227,0.0012949154338605274
PRASCS,0.0073211913865330784,0.0002939721105436292
PRATPP,0.005085585711190227,0.0012949154338605274
PRFGS,0.0073211913865330784,0.0002939721105436292
PRMICIi,0.005085585711190227,0.0012949154338605274
PRO1xm,0.0,0.0
PROTRS,0.0,0.0
PRPPS,0.02560672850764967,0.0027069975652884454
PSCVTi,0.020140089397414983,0.0034042372626715937
PSERT,0.05469102983931414,0.010787988693450304
PSP_L,0.05469102983931414,0.010787988693450304
PSPHS,2.591257018820507e-06,1.879132317735966e-06
PTPATi,3.66701747453639e-06,3.9157761380762214e-06
PUNP1,0.0,0.0
PUNP2,0.0,0.0
PUNP3,0.0,0.0
PUNP4,0.0,0.0
PUNP5,0.0,0.0
PUNP6,0.0,0.0
PYK,1.1060710435978969,1.7740923201271355
PYRDC,0.0,0.0
RBFK,1.777120732719346e-07,3.983203534915918e-08
RBFSa,3.554241465438692e-07,7.966407069831836e-08
RBFSb,1.777120732719346e-07,3.983203534915918e-08
RBK,0.0,0.0
RNDR1,0.0002051186365769627,0.0
RNDR2,0.0004741407319543977,5.599538542277903e-06
RNDR3,0.0,0.0
RNDR4,0.0011536666685956643,1.3624648844478702e-05
RPE,0.13957880985876425,0.0563453284437975
RPI,-0.10546635584781208,-0.03258182025055841
SACCD1,0.015343908925291076,0.003281777965676238
SACCD2,0.015343908925291076,0.003281777965676238
SADT,0.0,0.0
SAM24MT,0.001137619737868062,0.0017130756313291117
SBPP1er,0.0,0.0
SBT_Dt,0.0,0.0
SERD_L,0.0,0.0
SERPT,7.992250031248222e-06,1.0079686907083805e-05
SERTRS,0.0,0.0
SFGTH,0.0,0.0
SHCHF,0.0,0.0
SHK3D,0.020140089397414983,0.0034042372626715937
SHKK,0.020140089397414983,0.0034042372626715937
SLCBK1,1.0402301918936644e-06,4.748162285924382e-06
SLCBK2,0.0,0.0
SO4ti,0.006800891993370601,0.0010469400015692795
SPMS,0.0,0.0
SPRMS,0.0,0.0
SQLErx,0.001137619737868062,0.0017513774146397478
SQLEr,0.0,0.0
SQLS,0.001137619737868062,0.0017513774146397478
SSALy,0.0,0.0
SUCCtm,0.0,0.0
SUCD1m,0.0,0.0
SUCD3_u6m,0.0,0.0
SUCFUMtm,0.0,0.0
SUCOASm,-0.677725984131783,-1.6501796079739393
SULR,-0.006800891993370601,-0.0010469400015692795
TALA,0.07985944962808961,0.029874782853234548
TAUDO,0.0,0.0
THFATm,0.0,0.0
THFGLUS,0.0,0.0
THMP,0.0,0.0
THRAi,0.0,0.0
THRD_L,0.0,0.0
THRS,0.015292214838722158,0.0037395329579800237
THRTRS,0.0,0.0
THRTRSm,0.0,0.0
TKT1,0.07985944962808961,0.029874782853234548
TKT2,0.05971936023067463,0.026470545590562954
TMDPK,0.0,0.0
TMDS,0.0006795259366412667,8.025110302200801e-06
TMPPP,0.0,0.0
TPI,0.5667518859803817,0.881296371513491
TRDR,0.0,0.0
TRE6PP,0.026873380286768847,0.0004366398524866766
TRE6PS,0.026873380286768847,0.0004366398524866766
TREH,0.0,0.0
TREt2v,0.0,0.0
TRIGS_PP,0.00010886373623335444,0.00024249328207250415
TRPO2,0.0,0.0
TRPS1,0.00605707602162396,0.0008359711211367426
TRPTRS,0.0,0.0
TRPTRSm,0.0,0.0
TYRTAi,0.006169022607456489,0.0010119288554029959
TYRTRS,0.0,0.0
TYRTRSm,0.0,0.0
UDPACGLP,0.007811400535175622,0.0009353960243106904
UGLYCHr,0.0,0.0
UMPK,0.004178711504916761,0.00014924248840531763
UNK3,0.0,0.0
UPP3MT,0.0,0.0
UPP3S,8.88560366359673e-08,1.991601767457959e-08
UPPDC1,8.88560366359673e-08,1.991601767457959e-08
UPPRT,0.0,0.0
UREASE,0.0,0.0
URIDK2r,-0.0011536666685956643,-1.3624648844478702e-05
URIK1,0.0,0.0
URIK2,0.0,0.0
VALTA,-0.012629715439176127,-0.002894017348454512
VALTRS,0.0,0.0
VALTRSm,0.0,0.0
XYLK,0.0,0.0
CCP2m,0.0,0.0
CYOOm,2.4587144974036623,5.0686564960485265
L_LACD2cm,0.0,0.0
D_LACDcm,0.0,0.0
AGTi,0.0,1.991601767646973e-08
MCITL2m,0.0,0.0
AOD,0.0,0.0
UTPH1,0.0,0.0
ACCOACrm,0.0,0.0
ALCD2irm,0.0,0.0
GAT1_PP,0.0017135516871209272,0.0017218465123752052
ALDD22x,0.0,0.0
MCITSm,0.0,0.0
PLD_PP,0.0,0.0
LPCAT_PP,0.0,0.0
PMETM_PP,0.0006103595998684637,0.0003346042166962742
TAGL_PP,0.0,0.0
PPYRDC,0.0,0.0
DAS,0.0,0.0
EPISTAT_PP,0.0,0.0
ERGSTAT_PP,4.219432743557719e-05,0.0001713720302660267
FECOSTAT_PP,0.0,0.0
LANOSTAT_PP,0.0,0.0
ZYMSTAT_PP,0.0,3.830178331063604e-05
ZYMSTESTH_PP,0.0,0.0
DASYN_PP,0.0015168469871923286,0.0012124397213822836
PSERS_PP,0.0013338429896193147,0.0010075873768926734
PSERDg_PP,0.0,0.0
PSERDm_PP,0.0012745584670403364,0.0009581496224457649
ERGSTGLCT,0.0,0.0
EPISTESTH_PP,0.0,0.0
ERGSTESTH_PP,0.0,0.0
FECOSTESTH_PP,0.0,0.0
LANOSTESTH_PP,0.0,0.0
2HMHMBQMTm,8.8856036635515e-08,1.9916017674681178e-08
LALDO3,0.0,0.0
ADHAPR_PP,0.0,0.0
CYSTGS,0.0,0.0
PIN4K_PP,0.0,0.0
MFAPS_PP,0.0006103595998684637,0.0003346042166962742
PI4P5K_PP,0.0,0.0
3MOPDC,0.0,0.0
SHCHD,0.0,0.0
3DH5HPBMTm,8.8856036635515e-08,1.9916017674681178e-08
2HP6MPMOm,8.8856036635515e-08,1.9916017674681178e-08
2HPMBQMTm,8.8856036635515e-08,1.9916017674681178e-08
2HPMMBQMOm,8.8856036635515e-08,1.9916017674681178e-08
HBZOPT6m,8.8856036635515e-08,1.9916017674681178e-08
3OPHB5Hm,8.8856036635515e-08,1.9916017674681178e-08
3HPH5MBDCm,8.8856036635515e-08,1.9916017674681178e-08
POLYAO3,0.0,0.0
ACtr,0.0,0.0
PYRt,0.0,0.0
ASPGLU2m,0.9769290016676704,1.7694690786642469
GTPt2m,0.0,0.0
2OBUTtm,0.009874396173859261,0.0018967873977697865
ALAtmi,0.0,0.0
2PHETOHtm,0.0,0.0
PStm_PP,0.0012745584670403364,0.0009581496224457649
COAtim,0.0068262515634280735,0.010508383983944746
PEtm_PP,-0.0012745584670403364,-0.0009581496224457649
UTPtm,0.0,0.0
ILEtmi,0.008121037213165143,0.0049108519566116995
DHAtx,0.0,0.0
G3Ptx,0.0,0.0
FALDtx,0.0,0.0
XU5Ptx,0.0,0.0
HISt6,0.0,0.0
ILEt7,0.0,0.0
LCYSTintv,0.0,0.0
LEUt7,0.0,0.0
LYSt6,0.0,0.0
TYRt6,0.0,0.0
TYRt7,0.0,0.0
GLCNtv,0.0,0.0
ARGt6,0.0,0.0
ASNt7,0.0,0.0
ASPt7,0.0,0.0
GLNt7,0.0,0.0
GTHRDabcv,0.0,0.0
PIt5m,0.0,0.0
Ht,-0.46664183083304456,-0.09267929734512279
Ex_h2o,3.583401654302743,5.363821760697067
Ex_tre,0.0,0.0
Ex_glc_D,-1.0,-1.0
Ex_asn_L,0.0,0.0
Ex_nh4,-0.4472415184194508,-0.06707889846022767
Ex_asp_L,0.0,0.0
Ex_fmn,0.0,0.0
Ex_pi,-0.01603713258374173,-0.0018640195467876381
Ex_ribflv,0.0,0.0
Ex_thmpp,0.0,0.0
Ex_h,0.45060443168119296,0.09081521805028213
Ex_thm,0.0,0.0
Ex_pc_SC,0.0,0.0
Ex_faR,0.0,0.0
Ex_1agpc_SC,0.0,0.0
Ex_epistest_SC,0.0,0.0
Ex_epist,0.0,0.0
Ex_ergstest_SC,0.0,0.0
Ex_ergst,0.0,0.0
Ex_fecostest_SC,0.0,0.0
Ex_fecost,0.0,0.0
Ex_lanostest_SC,0.0,0.0
Ex_lanost,0.0,0.0
Ex_zymstest_SC,0.0,0.0
Ex_zymst,0.0,0.0
Ex_thmmp,0.0,0.0
Ex_chitin,0.0,0.0
Ex_chitos,0.0,0.0
Ex_ac,0.0,0.0
Ex_g3pc,0.0,0.0
Ex_13BDglcn,0.0,0.0
Ex_ptd1ino_SC,0.0,0.0
Ex_g3pi,0.0,0.0
Ex_alltn,0.0,0.0
Ex_o2,-2.4732617513700337,-5.09499299113981
Ex_so4,-0.006800891993370601,-0.0010469400015692795
Ex_no3,0.0,0.0
Ex_s,0.0,0.0
Ex_ocdcea,0.0,0.0
Ex_glyc,0.0,0.0
Ex_sbt_D,0.0,0.0
Ex_mnl,0.0,0.0
Ex_fe2,-8.88560366359673e-08,-1.991601767457959e-08
Ex_co2,2.507353620972864,5.148204193703613
Ex_lac_D,0.0,0.0
Ex_etoh,0.0,0.0
Ex_meoh,0.0,0.0
Ex_for,0.0,0.0
Ex_pyr,0.0,0.0
Ex_2hb,0.0,0.0
Ex_2mbac,0.0,0.0
Ex_2mbald,0.0,0.0
Ex_2mbtoh,0.0,0.0
Ex_2mppal,0.0,0.0
Ex_2phetoh,0.0,0.0
Ex_3c3hmp,0.0,0.0
Ex_3mbald,0.0,0.0
Ex_3mop,0.0,0.0
Ex_4abz,0.0,0.0
Ex_5aop,0.0,0.0
Ex_8aonn,0.0,0.0
Ex_abt,0.0,0.0
Ex_4abut,0.0,0.0
Ex_acald,0.0,0.0
Ex_aces,0.0,0.0
Ex_ACP,0.0,0.0
Ex_ade,0.0,0.0
Ex_adn,0.0,0.0
Ex_mal_L,0.0,0.0
Ex_akg,0.0,0.0
Ex_ala_D,0.0,0.0
Ex_ala_L,0.0,0.0
Ex_alltt,0.0,0.0
Ex_amet,0.0,0.0
Ex_arab_D,0.0,0.0
Ex_arab_L,0.0,0.0
Ex_arg_L,0.0,0.0
Ex_btd_RR,0.0,0.0
Ex_btn,-8.88560366359673e-08,-1.991601767457959e-08
Ex_chol,0.0,0.0
Ex_cit,0.0,0.0
Ex_crn,0.0,0.0
Ex_csn,0.0,0.0
Ex_cys_L,0.0,0.0
Ex_cytd,0.0,0.0
Ex_dad_2,0.0,0.0
Ex_dann,0.0,0.0
Ex_dcyt,0.0,0.0
Ex_dgsn,0.0,0.0
Ex_din,0.0,0.0
Ex_dttp,0.0,0.0
Ex_duri,0.0,0.0
Ex_etha,0.0,0.0
Ex_fru,0.0,0.0
Ex_fum,0.0,0.0
Ex_gal,0.0,0.0
Ex_gam6p,0.0,0.0
Ex_gcald,0.0,0.0
Ex_gln_L,0.0,0.0
Ex_glu_L,0.0,0.0
Ex_glx,0.0,0.0
Ex_gly,0.0,0.0
Ex_biomass,0.0888560366359673,0.01991601767457959
Ex_gsn,0.0,0.0
Ex_gthox,0.0,0.0
Ex_gthrd,0.0,0.0
Ex_gua,0.0,0.0
Ex_hdca,0.0,0.0
Ex_hdcea,0.0,0.0
Ex_his_L,0.0,0.0
Ex_hxan,0.0,0.0
Ex_iamac,0.0,0.0
Ex_iamoh,0.0,0.0
Ex_ibutac,0.0,0.0
Ex_ibutoh,0.0,0.0
Ex_id3acald,0.0,0.0
Ex_ile_L,0.0,0.0
Ex_ind3eth,0.0,0.0
Ex_ins,0.0,0.0
Ex_inost,0.0,0.0
Ex_k,0.0,0.0
Ex_leu_L,0.0,0.0
Ex_lac_L,0.0,0.0
Ex_lys_L,0.0,0.0
Ex_malt,0.0,0.0
Ex_man,0.0,0.0
Ex_melib,0.0,0.0
Ex_met_L,0.0,0.0
Ex_mmet,0.0,0.0
Ex_nac,0.0,0.0
Ex_nadp,0.0,0.0
Ex_na1,0.0,0.0
Ex_Nbfortyr,0.0,0.0
Ex_nmn,0.0,0.0
Ex_oaa,0.0,0.0
Ex_ocdca,0.0,0.0
Ex_ocdcya,0.0,0.0
Ex_orn,0.0,0.0
Ex_pacald,0.0,0.0
Ex_pap,0.0,0.0
Ex_pheac,0.0,0.0
Ex_D_Phenylalanine,0.0,0.0
Ex_phe_L,0.0,0.0
Ex_pnto_R,0.0,0.0
Ex_pro_L,0.0,0.0
Ex_ptrc,0.0,0.0
Ex_sbt_L,0.0,0.0
Ex_ser_L,0.0,0.0
Ex_so3,0.0,0.0
Ex_spmd,0.0,0.0
Ex_sprm,0.0,0.0
Ex_srb_L,0.0,0.0
Ex_succ,0.0,0.0
Ex_sucr,0.0,0.0
Ex_taur,0.0,0.0
Ex_thymd,0.0,0.0
Ex_thr_L,0.0,0.0
Ex_thym,0.0,0.0
Ex_trp_L,0.0,0.0
Ex_ttdca,0.0,0.0
Ex_tyr_L,0.0,0.0
Ex_ura,0.0,0.0
Ex_urea,0.0,0.0
Ex_uri,0.0,0.0
Ex_val_L,0.0,0.0
Ex_xan,0.0,0.0
Ex_xtsn,0.0,0.0
Ex_xyl_D,0.0,0.0
Ex_xylt,0.0,0.0
Ex_pectin,0.0,0.0
Ex_galur,0.0,0.0
NADPH2_u6cm,0.0,0.0
D_ABTt,0.0,0.0
Ex_abt_D,0.0,0.0
RU5PP,0.0,0.0
DABTDHR,0.0,0.0
RBK_D,0.0,0.0
DABTDEH,0.0,0.0
Htr,0.002275239475736124,0.0034644530459688595
FAS1_4,0.0035977240994111937,0.003919915354334145
FAS1_6,0.0035977240994111937,0.003919915354334145
FAS1_8,0.0035977240994111937,0.003919915354334145
FAS1_10,0.0035977240994111937,0.003919915354334145
FAS1_12,0.0035977240994111937,0.003919915354334145
FAS1_14,0.0,0.0
FAS1_16,0.0,6.790877594123122e-07
FAS1_18,0.0,0.0
FAS2_4,0.0035977240994111937,0.003919915354334145
FAS2_6,0.0035977240994111937,0.003919915354334145
FAS2_8,0.0035977240994111937,0.003919915354334145
FAS2_10,0.0035977240994111937,0.003919915354334145
FAS2_12,0.0035977240994111937,0.003919915354334145
FAS2_14,0.0,0.0
FAS2_16,0.0,6.790877594123122e-07
FAS2_18,0.0,0.0
FAS3_4,0.0035977240994111937,0.003919915354334145
FAS3_6,0.0035977240994111937,0.003919915354334145
FAS3_8,0.0035977240994111937,0.003919915354334145
FAS3_10,0.0035977240994111937,0.003919915354334145
FAS3_12,0.0035977240994111937,0.003919915354334145
FAS3_14,0.0,0.0
FAS3_16,0.0,6.790877594123122e-07
FAS3_18,0.0,0.0
FAS4_4,0.0035977240994111937,0.003919915354334145
FAS4_6,0.0035977240994111937,0.003919915354334145
FAS4_8,0.0035977240994111937,0.003919915354334145
FAS4_10,0.0035977240994111937,0.003919915354334145
FAS4_12,0.0035977240994111937,0.003919915354334145
FAS4_14,0.0,0.0
FAS4_16,0.0,6.790877594123122e-07
FAS4_18,0.0,0.0
FAS5_12,0.0035977240994111937,0.003919915354334145
FAS5_14,0.0,-6.790877594123122e-07
FAS5_16,-4.55290610364475e-07,0.0
FAS5_18,-8.065638454035157e-07,-4.239738625374566e-06
FAE1_14,0.0035977240994111937,0.003919915354334145
FAE1_16,0.0035834114536595504,0.0039036528260931345
FAE1_18,0.002970254630011015,0.003235172778838522
FAE1_20,1.8646674661359166e-05,2.0744301003895684e-05
FAE1_22,1.8646674661359166e-05,2.0744301003895684e-05
FAE1_24,1.8646674661359166e-05,2.0744301003895684e-05
FAE1_26,1.6055417642538657e-05,1.7462572799334274e-05
FAE2_14,0.0035977240994111937,0.003919915354334145
FAE2_16,0.0035834114536595504,0.0039036528260931345
FAE2_18,0.002970254630011015,0.003235172778838522
FAE2_20,1.8646674661359166e-05,2.0744301003895684e-05
FAE2_22,1.8646674661359166e-05,2.0744301003895684e-05
FAE2_24,1.8646674661359166e-05,2.0744301003895684e-05
FAE2_26,1.6055417642538657e-05,1.7462572799334274e-05
FAE3_14,0.0035977240994111937,0.003919915354334145
FAE3_16,0.0035834114536595504,0.0039036528260931345
FAE3_18,0.002970254630011015,0.003235172778838522
FAE3_20,1.8646674661359166e-05,2.0744301003895684e-05
FAE3_22,1.8646674661359166e-05,2.0744301003895684e-05
FAE3_24,1.8646674661359166e-05,2.0744301003895684e-05
FAE3_26,1.6055417642538657e-05,1.7462572799334274e-05
FAE4_14,0.0035977240994111937,0.003919915354334145
FAE4_16,0.0035834114536595504,0.0039036528260931345
FAE4_18,0.002970254630011015,0.003235172778838522
FAE4_20,1.8646674661359166e-05,2.0744301003895684e-05
FAE4_22,1.8646674661359166e-05,2.0744301003895684e-05
FAE4_24,1.8646674661359166e-05,2.0744301003895684e-05
FAE4_26,1.6055417642538657e-05,1.7462572799334274e-05
fabAA,0.0,0.0
fabRNA,0.0,0.0
fabDNA,0.0,0.0
pFAB,0.0,0.0
fabt,0.0,0.0
Ex_fab,0.0,0.0
PROTEINSglycmet05,0.0,0.0
PROTEINSglycmet16,0.0,0.0
BIOMASS8020,0.0,0.0
BIOMASS6040,0.0,0.0
BIOMASS4060,0.0,0.0
BIOMASS8020b,0.0,0.0
BIOMASS6040b,0.0,0.0
BIOMASS4060b,0.0,0.0
rolAA,0.0,0.0
rolRNA,0.0,0.0
rolDNA,0.0,0.0
pROL,0.0,0.0
ROLt,0.0,0.0
Ex_rol,0.0,0.0
FA200COAabcp,0.0,0.0
FA220COAabcp,0.0,0.0
H2Otg,0.0,0.0
RMNt,0.0,0.0
RMNDH,0.0,0.0
RHAMLAC,0.0,0.0
RHAMDH,0.0,0.0
KDRALD,0.0,0.0
Ex_rmn,0.0,0.0
DHAKx,0.0,0.0
FBAx,0.0,0.0
FBPx,0.0,0.0
TKT2x,0.0,0.0
FBA3x,0.0,0.0
SHBPH,0.0,0.0
TKT1x,0.0,0.0
RPIx,0.0,0.0
RPEx,0.0,0.0
DHAPtx,0.0,0.0
FA140tpc,0.0,0.0
FA141tpc,0.0,0.0
FA160tpc,0.0,0.0
FA161tpc,0.0,0.0
FA180tpc,0.0,0.0
FA181tpc,0.0,0.0
FA182tpc,0.0,0.0
FA183tpc,0.0,0.0
FA260tpc,0.0,0.0
LIPIDS_glyc,0.0,0.0
PROTEINS_glyc,0.0,0.0
STEROLS_glyc,0.0,0.0
BIOMASS_glyc,0.0,0.0
LIPIDS_meoh,0.0,0.0
PROTEINS_meoh,0.0,0.0
STEROLS_meoh,0.0,0.0
BIOMASS_meoh,0.0,0.0
rvHHVAA,0.0005305525394906208,0.0008339229078704584
Ex_vHHV,0.0005305525394906208,0.0008339229078704584
pgSCtm,4.849233185789755e-05,6.763726283670249e-05
SK_glycogen_c,0.0,0.0
ATPS_v,0.0,0.0
ScaledConsensus,0.0,0.0
DerivedProtein0.0,0.02883705499357508,0.0
DerivedCarbohydrate0.0,0.05363253873972236,0.0
DerivedLipid0.0,0.0017847798886959532,0.0
DerivedBiomass0.0,0.0888560366359673,0.0
DerivedProtein0.9,0.0,0.0
DerivedCarbohydrate0.9,0.0,0.0
DerivedLipid0.9,0.0,0.0
DerivedBiomass0.9,0.0,0.0
DerivedProtein1.9,0.0,0.0
DerivedCarbohydrate1.9,0.0,0.0
DerivedLipid1.9,0.0,0.0
DerivedBiomass1.9,0.0,0.0
DerivedProtein5.9,0.0,0.0
DerivedCarbohydrate5.9,0.0,0.0
DerivedLipid5.9,0.0,0.0
DerivedBiomass5.9,0.0,0.0
DerivedProtein7.9,0.0,0.0
DerivedCarbohydrate7.9,0.0,0.0
DerivedLipid7.9,0.0,0.0
DerivedBiomass7.9,0.0,0.0
DerivedProtein9.9,0.0,0.0
DerivedCarbohydrate9.9,0.0,0.0
DerivedLipid9.9,0.0,0.0
DerivedBiomass9.9,0.0,0.0
DerivedProtein13.9,0.0,0.0
DerivedCarbohydrate13.9,0.0,0.0
DerivedLipid13.9,0.0,0.0
DerivedBiomass13.9,0.0,0.0
DerivedProtein16.9,0.0,0.0
DerivedCarbohydrate16.9,0.0,0.0
DerivedLipid16.9,0.0,0.0
DerivedBiomass16.9,0.0,0.0
DerivedProtein19.9,0.0,0.0
DerivedCarbohydrate19.9,0.0,0.0
DerivedLipid19.9,0.0,0.0
DerivedBiomass19.9,0.0,0.0
DerivedProtein23.9,0.0,0.0
DerivedCarbohydrate23.9,0.0,0.0
DerivedLipid23.9,0.0,0.0
DerivedBiomass23.9,0.0,0.0
DerivedProtein27.9,0.0,0.003979576590143358
DerivedCarbohydrate27.9,0.0,0.013685773934712818
DerivedLipid27.9,0.0,0.002067826544162469
DerivedBiomass27.9,0.0,0.01991601767457959
DerivedProteinC0.1,0.0,0.0
DerivedCarbohydrateC0.1,0.0,0.0
DerivedLipidC0.1,0.0,0.0
DerivedBiomassC0.1,0.0,0.0
InterpolatedProtein27.9,0.0,0.0
InterpolatedCarbohydrate27.9,0.0,0.0
InterpolatedLipid27.9,0.0,0.0
InterpolatedBiomass27.9,0.0,0.0
InterpolatedProtein23.9,0.0,0.0
InterpolatedCarbohydrate23.9,0.0,0.0
InterpolatedLipid23.9,0.0,0.0
InterpolatedBiomass23.9,0.0,0.0
InterpolatedProtein19.9,0.0,0.0
InterpolatedCarbohydrate19.9,0.0,0.0
InterpolatedLipid19.9,0.0,0.0
InterpolatedBiomass19.9,0.0,0.0
InterpolatedProtein16.9,0.0,0.0
InterpolatedCarbohydrate16.9,0.0,0.0
InterpolatedLipid16.9,0.0,0.0
InterpolatedBiomass16.9,0.0,0.0
InterpolatedProtein13.9,0.0,0.0
InterpolatedCarbohydrate13.9,0.0,0.0
InterpolatedLipid13.9,0.0,0.0
InterpolatedBiomass13.9,0.0,0.0
InterpolatedProtein9.9,0.0,0.0
InterpolatedCarbohydrate9.9,0.0,0.0
InterpolatedLipid9.9,0.0,0.0
InterpolatedBiomass9.9,0.0,0.0
InterpolatedProtein7.9,0.0,0.0
InterpolatedCarbohydrate7.9,0.0,0.0
InterpolatedLipid7.9,0.0,0.0
InterpolatedBiomass7.9,0.0,0.0
InterpolatedProtein5.9,0.0,0.0
InterpolatedCarbohydrate5.9,0.0,0.0
InterpolatedLipid5.9,0.0,0.0
InterpolatedBiomass5.9,0.0,0.0
InterpolatedProtein1.9,0.0,0.0
InterpolatedCarbohydrate1.9,0.0,0.0
InterpolatedLipid1.9,0.0,0.0
InterpolatedBiomass1.9,0.0,0.0
InterpolatedProtein0.9,0.0,0.0
InterpolatedCarbohydrate0.9,0.0,0.0
InterpolatedLipid0.9,0.0,0.0
InterpolatedBiomass0.9,0.0,0.0
InterpolatedProtein0.0,0.0,0.0
InterpolatedCarbohydrate0.0,0.0,0.0
InterpolatedLipid0.0,0.0,0.0
InterpolatedBiomass0.0,0.0,0.0
InterpolatedProteinC0.1,0.0,0.0
InterpolatedCarbohydrateC0.1,0.0,0.0
InterpolatedLipidC0.1,0.0,0.0
InterpolatedBiomassC0.1,0.0,0.0
FittedProtein27.9,0.0,0.0
FittedCarbohydrate27.9,0.0,0.0
FittedLipid27.9,0.0,0.0
FittedBiomass27.9,0.0,0.0
FittedProtein23.9,0.0,0.0
FittedCarbohydrate23.9,0.0,0.0
FittedLipid23.9,0.0,0.0
FittedBiomass23.9,0.0,0.0
FittedProtein19.9,0.0,0.0
FittedCarbohydrate19.9,0.0,0.0
FittedLipid19.9,0.0,0.0
FittedBiomass19.9,0.0,0.0
FittedProtein16.9,0.0,0.0
FittedCarbohydrate16.9,0.0,0.0
FittedLipid16.9,0.0,0.0
FittedBiomass16.9,0.0,0.0
FittedProtein13.9,0.0,0.0
FittedCarbohydrate13.9,0.0,0.0
FittedLipid13.9,0.0,0.0
FittedBiomass13.9,0.0,0.0
FittedProtein9.9,0.0,0.0
FittedCarbohydrate9.9,0.0,0.0
FittedLipid9.9,0.0,0.0
FittedBiomass9.9,0.0,0.0
FittedProtein7.9,0.0,0.0
FittedCarbohydrate7.9,0.0,0.0
FittedLipid7.9,0.0,0.0
FittedBiomass7.9,0.0,0.0
FittedProtein5.9,0.0,0.0
FittedCarbohydrate5.9,0.0,0.0
FittedLipid5.9,0.0,0.0
FittedBiomass5.9,0.0,0.0
FittedProtein1.9,0.0,0.0
FittedCarbohydrate1.9,0.0,0.0
FittedLipid1.9,0.0,0.0
FittedBiomass1.9,0.0,0.0
FittedProtein0.9,0.0,0.0
FittedCarbohydrate0.9,0.0,0.0
FittedLipid0.9,0.0,0.0
FittedBiomass0.9,0.0,0.0
FittedProtein0.0,0.0,0.0
FittedCarbohydrate0.0,0.0,0.0
FittedLipid0.0,0.0,0.0
FittedBiomass0.0,0.0,0.0
FittedProteinC0.1,0.0,0.0
FittedCarbohydrateC0.1,0.0,0.0
FittedLipidC0.1,0.0,0.0
FittedBiomassC0.1,0.0,0.0
